replicate,alpha,beta,maximum_centered_ks,scale_ts_512,centered_ks_ts_512,scale_ts_1024,centered_ks_ts_1024,scale_ts_4096,centered_ks_ts_4096,scale_ts_8192,centered_ks_ts_8192
0,2.640041670687088,3.5342636992446708,0.01278411524567069,255.85049850735984,0.005093113376623548,237.63025294229962,0.009437925229118016,232.92763034986868,0.01278411524567069,303.63254590986526,0.00424900799194905
1,2.655945534240339,3.691087755083225,0.0030736038259523424,272.61799259925357,0.0021952771056898968,240.92409277084127,0.0030736038259523424,236.64216057033465,0.002762718958654875,263.9769457718964,0.0023362119434503503
2,2.6535151277083147,3.362601840573865,0.007793936452535122,263.1010065434705,0.007793936452535122,241.2589971512858,0.006881216358699316,241.12625745591362,0.003786481274102138,304.83401728836577,0.007309396251128475
3,2.6625141375806125,3.7386147044439055,0.013225105611260224,264.38044906517325,0.00227674929025945,246.0077952564339,0.004857421325273226,232.46526228584653,0.013225105611260224,258.24365351019804,0.006263980011101622
4,2.663809696053489,3.3337822526290104,0.004113127931452465,259.89517086300935,0.001024261049094477,251.74380101387388,0.0010718326508084575,246.44855719873627,0.004113127931452465,268.52450920441436,0.002512633474815895
5,2.642816845464246,3.502538912443348,0.005982131269311131,261.6001293781985,0.00362349434423781,230.4886896901595,0.0044162960801849005,225.57014148788147,0.0038026079755595354,285.90225973029413,0.005982131269311131
6,2.645148745440066,3.5445500896227222,0.010346790189997512,272.5597921645659,0.003117113584609199,244.1361799490219,0.005108040008276804,216.81060198773386,0.010346790189997512,260.3073237086372,0.009382136210540015
7,2.639643152159823,3.3387201080807976,0.015242787304216021,259.070256271718,0.006034783038285307,251.43503587147646,0.007824025006536672,221.54817855191882,0.007982723577712791,302.6738038461907,0.015242787304216021
8,2.633822426690298,3.2828242519253843,0.004904738623878302,259.67497909342626,0.0031000883209304497,254.23400565720317,0.0038316896647304644,226.4569967731074,0.004904738623878302,282.2718422851488,0.0017875516039721484
9,2.659632399778398,3.2257431890668284,0.007738354369444589,262.768156940422,0.003477260783140479,253.17664494122954,0.0037247926427531053,228.6999393482709,0.005443144554773016,314.2695174811446,0.007738354369444589
10,2.6728284189220153,3.6871495879271805,0.0027028849966388435,273.906282660687,0.00238428667941315,232.5917562130257,0.0026780482372549264,260.22049960436965,0.0027028849966388435,260.50318308231226,0.002476206017513194
11,2.6487817251952643,3.096521182884824,0.010904744054837545,266.42578558236846,0.0033494799701139777,233.68248863280616,0.0073269725000246755,222.49556990639277,0.010904744054837545,280.3708806250232,0.005035941164633684
12,2.6355393974373307,2.8978103340598054,0.0045318171849758615,244.36478027807092,0.004159432014430697,205.8820053823026,0.004321385090758911,254.2297235338857,0.0045318171849758615,288.7593286943417,0.003806826463694346
13,2.6682054319653514,3.4013597693318314,0.017110136469364212,255.00528011656172,0.010014129694941032,248.39308131553932,0.01104100453603929,240.38173287336357,0.0034067416503655856,277.0667964872091,0.017110136469364212
14,2.6613573451030597,3.56506232422652,0.008182851278024872,275.37514039653337,0.005898636932607282,258.83348208973786,0.0064956404926928,264.7071496152179,0.004405632905071122,277.77549930621205,0.008182851278024872
15,2.675587173208304,3.2112685626610156,0.00770891525259787,267.78619804462954,0.005925709821269609,256.55521767067034,0.00397480646180276,237.21364180717492,0.00770891525259787,281.25529852759274,0.002202651101992803
16,2.651593954338438,3.672944281466633,0.007684616456080984,255.65864684251895,0.007684616456080984,246.29925181784867,0.0029525794963335406,249.7756372052453,0.0053581804801821065,246.4001884000959,0.005962595862722853
17,2.661276304005888,3.4472535991209403,0.008411535903727896,269.8783909646882,0.002760755727474029,266.12921166335735,0.008411535903727896,225.47326283641536,0.0020748790943545536,257.3468485987115,0.007809452748431922
18,2.645315076000726,3.3835762264375795,0.006788110608481446,261.923143985702,0.0059580664060918664,236.2631702098212,0.006788110608481446,248.91728289561473,0.0032435183032152315,272.03690303834713,0.0014912413767165789
19,2.6260304432007233,3.4107713161381583,0.009166982431514037,265.7350258660488,0.009166982431514037,255.85496358415384,0.008080346408637307,218.96263357737425,0.005636980797368407,273.7211008356271,0.007039185386490621
20,2.6643296433038417,4.12799426459844,0.0056342601492535005,282.29684484682207,0.0031989276598504424,243.99877544537145,0.004424173855185232,257.19446544915155,0.0056342601492535005,280.8076376601587,0.003863540903841889
21,2.648244238066866,3.3108928067283165,0.004691924584321772,261.8771438687834,0.004691924584321772,246.39542413219738,0.003658269225192856,244.6158390946069,0.004208245570802571,299.1217516481805,0.003843380504456262
22,2.6452127254652793,3.5396739911019615,0.02268055754636278,250.63139475322726,0.004011924506707842,246.5288086118129,0.006448670229735165,233.10723955880582,0.01084221940304575,293.62299486664386,0.02268055754636278
23,2.6574182201468473,3.238638534416873,0.010400145668503225,272.95618096846533,0.010400145668503225,240.49175567013987,0.007419748903681911,238.12591510843743,0.00832410430630759,258.79996504007914,0.0070981017546579706
24,2.6641638576438567,3.88155505218415,0.008593484742631885,288.9176335425173,0.0023981108593192912,252.7802487914472,0.0025197712947172546,239.05707725523138,0.006019196021119222,286.8070104690076,0.008593484742631885
25,2.6223650644539327,3.3802738839733686,0.0164363482028973,249.30910064919914,0.006508837742602025,235.71861389834498,0.015308402321650538,227.3416237185754,0.0164363482028973,275.2932897467591,0.0045811158640960414
26,2.6622298612395268,3.141311826079515,0.007297037544372331,261.1950404921334,0.007297037544372331,254.5362653147875,0.0018023755934591934,243.7826323298064,0.004227454677562581,258.5833402348,0.0050211086597985455
27,2.682911084540457,3.4578910745712874,0.006549960285844314,274.70382800858727,0.006549960285844314,249.48293639190737,0.0044152948543387804,253.277185668612,0.003595166039129072,303.2992541349231,0.003622151831457393
28,2.664192576215113,3.527595832348979,0.004396630023954851,264.8984790097232,0.0014768836616042558,235.69155409209083,0.0034488730746213836,237.86626125295464,0.0019561493027432375,269.30416835390685,0.004396630023954851
29,2.6593697251718345,3.737148000776104,0.010587237404175665,260.09730798121905,0.0065190827691608,239.57811558129885,0.007484623446450178,232.40370964415183,0.00966525309821109,298.15769811429834,0.010587237404175665
30,2.6498984384122695,3.456298925977039,0.012608478596368489,261.39877701637,0.0029147732917218505,218.53921638605743,0.00491541852293248,238.0546570374274,0.006424429464542136,294.4032387116911,0.012608478596368489
31,2.6315330729586237,3.5645365984860367,0.008482894680756692,261.32874549901686,0.004731470020662765,228.28553953851898,0.006227183421574689,251.51333752795193,0.002405541314129178,266.3188604949367,0.008482894680756692
32,2.6443783257573,3.3511640561042046,0.010655186279145079,264.29543361081903,0.003740634392804476,260.3868449551813,0.0035483102714789494,232.43498089636424,0.006908286030455346,299.3900084258361,0.010655186279145079
33,2.626288308439576,3.388899373763798,0.010313227348136667,229.511217152877,0.010313227348136667,244.8381381755431,0.006947124764080215,233.9306283348042,0.008378733800217364,270.3607521106316,0.007517424560962271
34,2.633731628975346,3.1119641616459885,0.00371730311026075,266.7829445162905,0.0026057939853613155,238.50198829049893,0.00371730311026075,218.7759369904599,0.0025128127200719774,296.7041775231818,0.0034546167342770495
35,2.642899207251599,3.381606505941053,0.010803457433193386,245.33243394049168,0.004327223934539881,257.306385861444,0.006587090193305611,235.61345137863285,0.0011482049259676774,260.71584445432245,0.010803457433193386
36,2.6569107578080686,3.6101825015140347,0.009057798923721938,261.33741834974114,0.004828942728723251,228.71916247683862,0.0029553558890998977,240.0446777508489,0.009057798923721938,287.7578369883671,0.007864932392980584
37,2.6596033461505435,3.5127181859141166,0.01269074983329832,264.90814927142867,0.007268148781482964,256.341881245648,0.0032127971598662763,234.49940039667317,0.01269074983329832,285.29394220584913,0.00665187887655172
38,2.685366941732042,3.6101532141396144,0.008196338546777038,256.87345366676857,0.008196338546777038,270.4041050546378,0.005700338850241793,250.71227836552353,0.007889547401099983,280.2437994319573,0.006232642797376231
39,2.6866140255946998,3.365410372521294,0.009669919768371837,289.07859404367974,0.009669919768371837,226.28984978121113,0.006694418312522821,250.75462231198577,0.00877576265879898,299.1816004193547,0.002119354497198911
40,2.684258998012464,3.4760991346370553,0.013560949419261559,280.10297536284986,0.008553388159761033,229.8214079529852,0.013560949419261559,223.45988874524818,0.005452220427194288,282.4545342032846,0.004256625123095825
41,2.6807519762996614,3.556123492011947,0.010552131839391299,290.31430256029995,0.005584284489917768,253.0281572339443,0.0050123773304476815,259.38378891295537,0.003107349166737494,275.2657028056608,0.010552131839391299
42,2.6848971229562304,3.4569367259260555,0.01315517050617021,279.1390180998806,0.01315517050617021,250.27463623232154,0.00984031019148901,247.43902873243522,0.004455389403994925,308.5483380886103,0.004411943187509704
43,2.669008670528406,3.3254933431715608,0.01048703642740445,264.46025235088536,0.005452345739250131,218.1169943024739,0.01048703642740445,244.92053083000948,0.004460604960639714,290.7119587797926,0.007404805960572802
44,2.660753608221615,3.1872674028741117,0.010638310616304048,269.30899340201245,0.0016985259562098953,234.68838110680147,0.010638310616304048,228.36304108696402,0.006234144433223787,290.3929414116158,0.008051104876643067
45,2.637096288050641,3.195086324346476,0.0053347664919347615,244.54592063659206,0.0053347664919347615,232.92136463731188,0.003464741246321068,234.46758083392552,0.0017961560515719066,283.8202669313045,0.00431584989509437
46,2.6216513127389227,3.4636209576356114,0.009404332283694972,257.58072620550416,0.009404332283694972,247.42946835734747,0.004764587973812906,229.96766341816956,0.005019431215182446,256.22608189218755,0.004070079325681375
47,2.6517252190264946,3.415725351102079,0.006160704237086478,261.6796469193232,0.006160704237086478,247.44448766699682,0.002753482368746063,247.12066956113608,0.0025455031468529232,296.5985412742459,0.005332385853324351
48,2.6346123331255997,3.2813527147005486,0.00817855553040392,248.47391252390085,0.00817855553040392,247.9390142361833,0.006808452394873155,219.32893033611683,0.0032220395817268432,262.2101112129479,0.0026539914535931297
49,2.6334096004745846,3.4498202281861183,0.006751002866446032,258.03563926876166,0.006751002866446032,232.64211775076072,0.004704657079777963,230.64014126432843,0.005165366038893782,294.984932577306,0.0020213382571253047
50,2.6482283208046296,3.3065051694083785,0.008082819009199826,258.667151701088,0.0038557062297261135,249.91459752260033,0.008082819009199826,232.29018568145256,0.002849825634994807,284.8719986669009,0.007272361577681186
51,2.6449361912006237,3.5242904131266006,0.005794977377101551,261.0436218550924,0.005219332448646474,257.31073619248536,0.005678161718928099,240.21527870129938,0.005354747114835523,255.515180314411,0.005794977377101551
52,2.6401010601805655,3.357022936737459,0.002933959295388422,256.0353114314301,0.002933959295388422,240.9529843650668,0.0009218673334339678,241.8469105579723,0.0026063324135749966,281.1278497352558,0.001662547141046078
53,2.6639408848061845,3.6249549245791406,0.005096420549910996,300.4316677005357,0.004516437980916166,266.7675360429441,0.005096420549910996,238.28324902558467,0.0025746138443624167,294.0794125174678,0.004329451953847485
54,2.6635358771447692,3.5235211289371704,0.008656820007839405,275.32703362833513,0.004197437058030884,262.52551078497595,0.004664496146379649,260.29471443221223,0.008656820007839405,261.56533539341234,0.007479116989808632
55,2.6438282524774035,3.1480510886150928,0.008562660394702548,247.63011203677397,0.00751893678497173,235.91817017839807,0.007015054206573779,230.09841675221494,0.006745252008055869,290.97461901621335,0.008562660394702548
56,2.647301698858742,3.3586693352139623,0.006866826794753145,272.06366208782504,0.005592002179283351,253.2971391409469,0.00542066784863704,214.465102867693,0.0052801350060601715,280.49752539842655,0.006866826794753145
57,2.662218448436099,3.1839295326510197,0.011783947376737935,232.93731294587639,0.0027577158126861345,230.7643744236377,0.008610193346050288,243.9920277882147,0.011783947376737935,259.9333656178503,0.004386405386895165
58,2.6362730112384787,3.4501647988628292,0.012671673513790949,259.2049365523226,0.0018788967454147487,242.75236855619661,0.012671673513790949,234.5328437255535,0.008127237815320987,256.4003490995251,0.009368271229768244
59,2.6539956202605683,3.4473632841603297,0.010103102408826059,269.9277218434306,0.0018197256725533961,242.82248328459812,0.005392937739159609,210.00477222892866,0.010103102408826059,296.5512033387854,0.005869005690523732
60,2.669833346533039,3.411833176436541,0.006639837551680405,269.4954852115332,0.004176440759906641,246.58133435361196,0.005836933608453498,234.56703020752647,0.006639837551680405,291.2131869844944,0.004710958615532501
61,2.6292476383861305,3.3836590856688993,0.007266642572581916,266.0874676993772,0.00629609363541872,259.2120079102937,0.007266642572581916,237.905678477451,0.002794271495097478,277.14520615096546,0.002978852517865782
62,2.648815245897155,3.4597493161255737,0.009751648197126817,269.13511479475477,0.009613143380943545,242.4788131818407,0.004059722683946165,264.75631750142685,0.009751648197126817,253.94953840310313,0.007961615784306264
63,2.631014544282186,3.4817702210745956,0.010738346457772385,267.2778424070805,0.0041522343216151,232.97177083422514,0.010738346457772385,218.11469242187917,0.002430522775746957,278.9975488712681,0.00584020582372935
64,2.6286098048546944,3.027129622641917,0.012760056434451439,256.3154812953973,0.003792914438518702,234.4417203241531,0.008932788610192977,219.3044029605632,0.008142567580468163,306.3327879441799,0.012760056434451439
65,2.6827302903037884,3.3105094180975048,0.007062894185387969,259.89939563891926,0.004906830348701097,232.56761946529966,0.007062894185387969,226.58344411246264,0.0038479791941029573,289.26786042234096,0.0026347721960539583
66,2.658597223419161,3.3223277148599353,0.008983591282312964,262.69617185818674,0.0023444099961731357,249.78390921360668,0.004951980264034317,237.53691261006324,0.008983591282312964,298.3212950096362,0.0035542676986610733
67,2.6200044650859153,3.3287641360843785,0.006787830081982693,249.2651004616974,0.006787830081982693,261.70540887713645,0.0042577603956149845,217.51453885608603,0.005333166372881837,263.28702079673127,0.001816234594650773
68,2.6442192801481714,3.163521286954482,0.010089193329750223,270.5542922235294,0.008247843656059684,253.60912012344343,0.010089193329750223,233.03300881845055,0.0063256693936987185,297.3876595765019,0.008949966214640503
69,2.646730033415901,3.3085407789825214,0.009459293699899729,258.22197396223805,0.006317965866965314,244.15100940280075,0.009459293699899729,259.6265598557082,0.005116025547651337,243.65976304366106,0.007009257703997074
70,2.6607336103284434,3.350649787260462,0.008990208037190084,225.88069428239524,0.003163236596184116,243.69129353710366,0.0034406913537872175,231.20734586139258,0.006339921744171195,266.65208361142464,0.008990208037190084
71,2.6413232102229354,3.468216024759705,0.005822926088420832,275.30910467988065,0.004328812764475831,242.28808877328086,0.0021012672434547186,236.74758880823842,0.003044088909016751,304.3770568700652,0.005822926088420832
72,2.6553617636562823,3.685117286665984,0.010767915610655598,270.4495248075187,0.010767915610655598,224.28702352250605,0.0043068716975267485,252.8419020462907,0.00308689332000589,270.82259780093926,0.008297598591230027
73,2.6455913106046687,3.1578865822327837,0.010355635460297052,260.00312538888926,0.003255465201971508,231.66876371924386,0.010355635460297052,237.02609444341087,0.002441097578203155,303.20716220720203,0.010279436622953164
74,2.636207349581287,3.3089092293599243,0.007888722109475,242.85674101769206,0.0026033607284784432,232.4474139486891,0.007619980194760512,239.28056433537384,0.0030400411360845814,284.52183413663215,0.007888722109475
75,2.6538315985486585,3.503032585088376,0.011507405161141904,268.9038648559508,0.002951937434341745,233.16862415785607,0.0021758332278234427,236.47525664332576,0.008969653381398213,276.03824808728916,0.011507405161141904
76,2.6234946908434535,2.9197297958697535,0.014828296802305352,243.15770134754382,0.004210761168110477,217.73534098205656,0.014318328500930289,238.13163958765006,0.014828296802305352,296.15933542106694,0.002845634601189473
77,2.652058563072213,3.232115421739714,0.007469303059804866,275.809830631357,0.006314840101539043,232.06623806528395,0.007469303059804866,205.4975478950858,0.00575717874896009,264.1558786352517,0.0023317398427828984
78,2.6500735896062793,3.3748665214990687,0.008691035039790962,269.8642762542712,0.0021583587847631147,235.34471973698655,0.007439816737454419,228.98993331959565,0.001101481214888178,298.88593334789437,0.008691035039790962
79,2.632902098366693,3.231835441988107,0.01573109975007081,258.09806951797833,0.010602726517429217,238.5906594584996,0.006264539850836193,253.64344534240533,0.004803661394002345,307.40576786361737,0.01573109975007081
80,2.6662913226236538,3.443422770460728,0.01512202844572863,268.5598885352087,0.005134902989853307,245.16581656790723,0.008513463797217846,251.71134097489391,0.013354434153403316,306.0279688659862,0.01512202844572863
81,2.639659053363161,3.4905839229528306,0.0039188787732522545,256.44948833436405,0.002689489240046805,235.90695065373606,0.003546794788152452,233.2164772688547,0.0039188787732522545,290.2441686018033,0.0036192325593700225
82,2.6501759771363176,3.7104694040276147,0.0048012999933604306,264.8154258906211,0.00316599098503334,243.66339667011255,0.0032628386488789962,238.39149487050372,0.0027942026780241047,261.33184415540546,0.0048012999933604306
83,2.6668112299663553,3.429936324901209,0.006547378544667692,269.5706277470655,0.004918490050914381,260.0713655765685,0.0023571365218885143,228.4672980204329,0.006547378544667692,272.0911146130441,0.005878919387091952
84,2.668897508194086,3.4405273593253383,0.016646193593392034,275.59816206124833,0.0059982915073611975,229.1463070494018,0.010659710817736423,280.9718359683434,0.006042164375961168,324.81472134835656,0.016646193593392034
85,2.627850938034122,3.21596980253108,0.007305205563341133,238.5903539474617,0.007305205563341133,247.62410170880554,0.004637586902354052,231.84648104098392,0.004592264586212869,261.9163709252692,0.004075730368718222
86,2.6682807602149707,3.5187539022453667,0.004122855714893792,277.02889486358407,0.003286406892073407,253.32979121005343,0.004122855714893792,238.51763207116738,0.0032175922436684656,279.50456645892103,0.0034841658637243533
87,2.6655676037820175,3.133379611465811,0.012970541815574554,255.58373770570154,0.0023422088199091806,244.2680900281163,0.007403154746654539,233.7440468142676,0.012970541815574554,276.4264935734855,0.0026765917007129936
88,2.6508501393268498,3.3264094055356184,0.007647531722670298,238.3482991055276,0.0047576074605374385,256.91013097439753,0.003890135840482367,245.9362851592273,0.007647531722670298,282.24767846782134,0.003629497564827777
89,2.6476152330992155,3.5280306383706113,0.011193328139198155,265.5091369434255,0.006361480589427537,248.4096637970389,0.011193328139198155,233.4049089176854,0.0089713182348935,279.75539698112914,0.0031332797673082613
90,2.6702722608774785,3.546705261473524,0.009071223870476985,255.17845956562402,0.004478284584341852,250.7944448900203,0.009071223870476985,262.21516328503856,0.002133459738476562,283.3934746231416,0.008092884594310346
91,2.6440636558660398,3.2152874386738013,0.006451660191048814,257.99986483561685,0.0020664781914416785,261.1636321724739,0.006451660191048814,225.0203127547845,0.0061959643896317695,316.30370621322714,0.005269743122339021
92,2.656318650247381,3.4163802225488964,0.007377517388389876,256.6273585563446,0.004004571899710485,237.3084375638686,0.007377517388389876,245.29607785623324,0.003567723225100905,274.39757821500643,0.003979522432309257
93,2.66271769069765,3.396009701859476,0.015198118372737213,273.9040439674495,0.003807049072468871,241.35233639779491,0.005188017242496068,227.08069512907997,0.01352555953438822,246.71159385134146,0.015198118372737213
94,2.6315683782546415,3.215518366884985,0.013548896899987839,272.9566685958076,0.006341419106790092,246.93081337037165,0.013548896899987839,239.18748701622258,0.008667180901133387,285.130842682663,0.001675293990264115
95,2.651442228342753,3.2847745210942585,0.006461075475763467,262.9286168019438,0.0030735556745246084,234.8687523619526,0.006461075475763467,233.95774814162743,0.00426215803090968,262.57024432014737,0.00551637095277735
96,2.6215597418440195,3.3346741949943994,0.013593812851201481,244.04138301565968,0.008739198680813742,253.40760702272232,0.007908305742199362,212.99627503268096,0.009260620397150365,231.6284500088756,0.013593812851201481
97,2.6757818746876483,3.399599192318325,0.011862444789189741,279.2802157527009,0.011862444789189741,249.1229560025085,0.0014264051477037576,243.54497203495103,0.007725570727888154,283.06667845466956,0.003405997271286987
98,2.6673357401388147,3.442169736427026,0.007357347702658723,276.5683887365651,0.005729078010239141,253.5580574954465,0.00485668324521682,229.28467146386075,0.007357347702658723,294.2356480634077,0.0030645350133458593
99,2.6468656284243943,3.3496820607569195,0.01324948118319258,260.4266021482481,0.005463619943560705,245.06991825801518,0.006413858750693446,250.75354727200508,0.0020795184775301845,238.59588639079007,0.01324948118319258
100,2.653570460925512,3.5069470407470167,0.0074323432350930085,267.15870554205316,0.0012737272550014112,246.78055906058657,0.006119799182926378,231.1926031664934,0.0028986016122113933,301.89854498630336,0.0074323432350930085
101,2.6504204507301203,3.388793255933681,0.010108571803568056,258.71096845749094,0.004428873772597153,238.27119245979105,0.010108571803568056,214.39780122228632,0.0050950020689577435,283.3497233172578,0.0038981800826157764
102,2.6569711313775164,3.494518583819649,0.007051872281230609,262.0590595980033,0.003147242109690751,246.56475770772803,0.007051872281230609,256.34350795372796,0.004778495077558453,285.2071743014132,0.006144521268916403
103,2.673713526778438,3.087945114056879,0.01097569236126239,276.24979798348375,0.01097569236126239,233.8854321018856,0.005749180564861067,226.45481508934637,0.006483027355783544,291.58168841376965,0.002278282568420442
104,2.6502316744786745,3.4686295802359646,0.0077170611933591315,255.512202409199,0.005512236127475312,232.39373121225066,0.006546207174385921,246.31141430335313,0.0018508149840161803,281.8861883816619,0.0077170611933591315
105,2.6923781277827894,3.6448708199885513,0.020884673387260078,293.8274012499316,0.006784462378884859,256.8731726842279,0.0028725612603222317,249.9920875331599,0.009753400486252395,253.74558215424568,0.020884673387260078
106,2.6848718891109042,3.417274701407564,0.009731497192655203,271.93725933331825,0.009731497192655203,242.0854798739344,0.0068331848936474815,225.9157746124008,0.007352809862868015,291.1635872379315,0.005283537638428926
107,2.6595496793756537,2.8346215264932684,0.007573582859036976,251.77917508937298,0.005587520563388182,211.80179702002036,0.007573582859036976,245.09559256125718,0.005047800526511437,302.5678236567781,0.0030917271910808064
108,2.6756185882549963,3.57266406469741,0.004766298721498696,283.01788412824607,0.0039419107231412065,251.94392384920135,0.004060846558798681,245.80965973305229,0.000949581265955346,277.5092614399965,0.004766298721498696
109,2.6412644967689176,3.599031737336121,0.006182451256620314,270.38967005472216,0.003487362082357115,248.87611802434103,0.0024896255295963066,245.36386071025063,0.006182451256620314,287.5106678529879,0.0054557326877496815
110,2.6368013074248298,3.6083083894692116,0.011287467342254054,241.64163262883307,0.005753926710160617,249.68905987185536,0.009863418419623127,240.60294839929318,0.011287467342254054,281.5186007199743,0.005763424916587545
111,2.6373514847764343,3.525398697992132,0.007180352879848972,254.38799484644127,0.007180352879848972,248.33192412387282,0.003251568864937604,236.41505728209833,0.004761511657139117,269.02899306847223,0.00575614666532509
112,2.658523936857941,3.1821498659883747,0.004644448021484504,249.33391722434664,0.004030232319057636,259.30497382713486,0.004644448021484504,245.0878146025989,0.001963496560357214,275.45710022148836,0.0037981525238557357
113,2.642472286643431,3.5807046841072756,0.009212090824745722,240.77200546521607,0.003557059851042932,234.2366236440633,0.0037617073631238673,249.4095722482118,0.008637262679758284,269.6761443596229,0.009212090824745722
114,2.663686363928532,3.4357283477790928,0.008709586514222711,263.0014311202312,0.0026644510702731328,252.32408233096066,0.004879723654233031,238.13637045211442,0.008709586514222711,276.52141544720024,0.004007829259674911
115,2.638415442856245,3.2959563068017745,0.009103766110556522,246.5918268983402,0.004004932401548644,258.7618086888186,0.003771617493749768,232.76435923540578,0.00456298121739751,261.87987293467665,0.009103766110556522
116,2.663634137010243,3.674547907730071,0.006963217456754767,245.3780959767862,0.006245368550032604,243.82484744487203,0.006635878389939676,252.1674141846348,0.006963217456754767,287.3912141732671,0.004220712455952791
117,2.6748742618899275,3.4263049125079847,0.011018240472071006,276.5776511789199,0.004241652147379038,243.66931639399263,0.011018240472071006,249.6880102160914,0.004964415842575121,308.33645702458153,0.009609380578434523
118,2.6678382798633473,3.554340514287845,0.007579335295555489,266.653194518683,0.006308282551392264,267.69604542989345,0.005149509353741588,247.58760626269898,0.007579335295555489,285.75147458297727,0.0060193112739099774
119,2.6477743972345102,3.216343996270831,0.00876587324838285,256.72202506210806,0.003430682948758146,239.10733181484628,0.00876587324838285,243.8750658052003,0.008083334309721524,283.43751940277747,0.005468903265473113
120,2.657533409932903,3.488193352531407,0.012007834868922651,278.6306061088284,0.006199490054251355,234.7013682699012,0.012007834868922651,235.45691893437004,0.010976819194750576,279.1627990669575,0.007131360521293262
121,2.649016644401927,3.724737022422143,0.012317315156894382,272.85091510584454,0.004852439778649464,242.4492502127477,0.012317315156894382,222.90765068374148,0.010546263341081663,308.37071262647237,0.005342183860713279
122,2.677957816220621,3.6660499748022652,0.005650993042858876,265.85206462264375,0.003108583119852515,258.94336270411577,0.004262357822302776,253.20374321547322,0.005650993042858876,284.1127771069164,0.0025815960853381448
123,2.644851125278424,3.5942846299064404,0.007949660874698394,284.9205137527681,0.0035751036351114873,249.01078912219828,0.007844664748393626,237.13337726092448,0.004840148887087947,279.77337266022397,0.007949660874698394
124,2.6599860510536937,3.581383017333787,0.010279414224909078,260.30731553771375,0.0023810599978919544,215.7746033171196,0.010279414224909078,263.94385082836914,0.006776430505777364,283.3307286078687,0.0037156048137715336
125,2.6683722526538842,3.162675212846426,0.013687816081647597,265.1318837239586,0.012793387475134144,237.4252920057328,0.01290814915117644,243.03869145135306,0.009694760802460456,253.36957946856236,0.013687816081647597
126,2.6541339231061962,2.84871980113987,0.005082256074520064,267.40475814841994,0.003071441848954304,226.88930824532076,0.005082256074520064,245.45984422871618,0.004256609750221907,266.4599347702266,0.0027411328098610466
127,2.662075245783238,3.371628847440797,0.008736022769806118,258.7032377632416,0.003768914414520652,237.53332059883166,0.007390542655433263,224.32808159511973,0.004844999804716865,256.184062422572,0.008736022769806118
128,2.6481459713966515,3.817997656967601,0.009568670193680684,278.7420459900704,0.00639502466684666,256.2336092553931,0.009568670193680684,237.4900452405336,0.001869043066105247,305.66002642638153,0.006465739117109903
129,2.634154137745255,3.4888408701100557,0.020784040334140386,269.9373405858901,0.008695971297379756,241.9755653729267,0.0127787205470834,226.90939534170369,0.020784040334140386,273.7859790616106,0.003552210046477655
130,2.641634548126259,3.340896906001001,0.00826521776877387,266.6458424756229,0.0028905542127980466,230.17969328554847,0.00826521776877387,237.39785536666827,0.004025659781533686,285.41673889089645,0.0034108441777882526
131,2.6512245352413846,3.3189879365932184,0.013517216404306809,267.7329704242912,0.010234520535847724,249.7647884379431,0.013517216404306809,244.87797790825462,0.0036976109668770962,254.27870432587792,0.004730819500999406
132,2.6683720731279186,3.9631224042830744,0.005419733654436487,283.734353651004,0.005419733654436487,268.43806673218234,0.0022354140254954302,243.5440160396904,0.0040287747905644045,289.2357923402806,0.0020856975105988385
133,2.639337419871004,3.4996628442739373,0.007865312465060947,262.6539132782073,0.0069776179661306115,232.31180094335582,0.007865312465060947,233.23906286965016,0.005251935679588704,247.27742584555568,0.004590433155933993
134,2.6754149368592923,3.809478601707355,0.014517118917682259,262.2095693731202,0.002487101048757878,256.6211381228099,0.007316819251728335,244.36758486572666,0.0023216278074609242,269.71903310005933,0.014517118917682259
135,2.6727905792854894,3.3725211102946417,0.005997943513147974,295.00436903708095,0.004441069896612637,227.1301832119891,0.001958049384499838,227.19856168100807,0.0009276210110390481,282.3862219234851,0.005997943513147974
136,2.694452727743136,3.4818160609509956,0.009777754833990904,266.11435717215824,0.008562167488375683,253.29164930198903,0.008240459949515722,250.90529732561924,0.009777754833990904,273.75083009046114,0.007345350831928776
137,2.6422421485173118,3.349384091495184,0.011228008788758181,249.78288868302081,0.009292804141443567,239.24314102528666,0.006715204728820701,219.91376748062243,0.009445403338628533,307.1847112175194,0.011228008788758181
138,2.648879059662205,3.655066968972841,0.012415898989168617,257.60493293639814,0.0029911092586816235,235.6709652513955,0.012415898989168617,252.53034351316916,0.003924885894366681,297.13888943765903,0.008102454197442377
139,2.681094803160496,3.7359479740037225,0.013181668867888408,282.43416292212555,0.013181668867888408,256.08600449624697,0.004378724057798489,225.7352531072386,0.002784068801875178,298.7545594668325,0.011341169173193166
140,2.6497606648481837,3.837519480981918,0.007159900349006265,289.34783251295744,0.002467735924364056,255.8747883042361,0.007159900349006265,256.90794591109926,0.0051693915871627305,285.6358811344617,0.0018336565279459816
141,2.6434072638029074,3.480930372835809,0.006926081948277929,264.32595653358766,0.006926081948277929,244.71274947244285,0.0051941989211062856,235.11079319230674,0.0017403095703014682,277.9569960350683,0.002425792008468597
142,2.6608759171465186,3.305364022792803,0.013095726027462673,275.97977986785486,0.004921958188648712,219.97214563821763,0.005257185073832216,220.42321582946693,0.013095726027462673,311.3913940922722,0.011158748194676105
143,2.6723433132250713,3.3449454249615624,0.017521701599341744,273.88205038602956,0.002733284450067597,241.62713626853062,0.017521701599341744,239.72630166835364,0.002580561891565636,308.1156167460273,0.014969904899253539
144,2.650847907552105,3.5184158434798722,0.006791986853205589,250.17077956367538,0.00653146733047405,246.04111225518724,0.0024025982804492807,231.46965985984897,0.004947353321441861,276.14571656062657,0.006791986853205589
145,2.642634226305873,3.505902312213799,0.00580367347859001,247.9595525907169,0.0044591188755821465,250.87828074787322,0.003030762276605259,222.73992057124835,0.00580367347859001,302.4602703958904,0.004281956292107703
146,2.64099964868009,3.866462411073983,0.011570535191204656,268.7879833404061,0.011570535191204656,230.69186256384603,0.008762256950283542,257.1031518834021,0.005840917203689955,291.54991203331684,0.00475974085802211
147,2.641716472963657,3.21078215679078,0.00786021727813313,267.2881705177407,0.007089858521047154,225.65474864605653,0.006811698608166772,229.28206468465467,0.0061068541719689895,296.38598817458404,0.00786021727813313
148,2.667327209254438,3.9977364448732846,0.011111402019064909,264.384231616647,0.00783478586773223,259.76562411071546,0.005266879977237959,257.8820275515079,0.011111402019064909,261.49828033606263,0.00246138487767128
149,2.6599842626701022,3.7478635539550833,0.00884019284301829,278.51249289489226,0.006243339442225437,243.2713476151625,0.00591539023789428,240.14920917501465,0.00884019284301829,287.74138653617456,0.0036097237973358176
150,2.6616579007025636,3.6126549969254773,0.012813424190480704,264.7462326214829,0.010667693343986429,237.05055208182327,0.012813424190480704,261.6612104262533,0.005370131314892501,285.70891886278366,0.006546516745692288
151,2.6517057177857284,3.7314192799515955,0.007216677283502393,269.1883543217286,0.007216677283502393,262.46610844986606,0.0047754918464514295,232.50646369021223,0.0024243317415819643,268.2928311878691,0.002608261299082648
152,2.6449780832153342,3.301770918726155,0.006709833662243425,234.75834341363117,0.0029426778727161262,232.47340983185933,0.006709833662243425,252.65081578228438,0.004186501426071021,254.83419939290457,0.0038975678824269
153,2.6555562255744998,3.2859667457249366,0.005139432441604752,269.73528852472805,0.0030359598681460875,248.558016834576,0.005139432441604752,234.92659857195923,0.0025608001159382887,302.02408970044127,0.004769956187153923
154,2.678030486793082,3.4560464754570397,0.0031389276020948875,274.5925421743786,0.0023486996217594314,258.00181521384064,0.0030092605242911796,234.83641006864573,0.0019062700623182494,273.4346955798755,0.0031389276020948875
155,2.632386660864082,3.532271094102267,0.00462389571623556,262.7114200535308,0.004135776003443725,231.69393278483645,0.00462389571623556,214.5924355425839,0.003804133392054765,304.3709756917503,0.0018683442291386188
156,2.6424384934789193,3.320445486495192,0.006668709578241283,258.16479818022367,0.003722980887168381,245.45313754722687,0.00571445781485358,247.22138554022104,0.006668709578241283,260.80063281695146,0.003612968246352821
157,2.638998483695821,3.4071184082022468,0.006575308896899057,283.54294423926706,0.0037692808354881646,229.3346129553223,0.00448112760740943,222.95297670121877,0.006575308896899057,263.59161811663813,0.006473398452216617
158,2.6292819103165472,3.443698687926208,0.016062569536112736,255.50037368431677,0.0021450526535964354,241.23328945462364,0.005799016884783015,232.75964174137346,0.016062569536112736,281.9403536086078,0.011217412178006425
159,2.6694995197096176,3.386443564147646,0.008111313736195447,269.80598010350553,0.0022288368211780263,250.72341523776444,0.008111313736195447,222.48854272604086,0.003890762742730036,272.8935960175983,0.003752128177862968
160,2.645180211015661,3.4602856076401167,0.005151700893101185,290.47651924613206,0.005151700893101185,247.88826326606917,0.0025456906334960228,239.14258562327566,0.004254555802448601,277.8808172304481,0.00330869184028737
161,2.661391815487552,3.331895623671797,0.007404952941292786,259.50843812998676,0.007404952941292786,245.59039105100067,0.002026977734112423,226.73952138727392,0.005509858380074784,309.1288452382326,0.006587209213161027
162,2.6550005976101643,3.387192567881566,0.0062147747336845915,248.4877218956791,0.0014910840856802166,259.7358946242608,0.0062147747336845915,246.08315029890025,0.0026368499422868563,296.8928519514554,0.0029318237153416193
163,2.6209212915223397,3.2840899295597374,0.011417292025788117,261.9000183910307,0.0024559800440075996,236.55433144486815,0.004459343376856162,203.14492995024352,0.007793440086943382,292.44836244243436,0.011417292025788117
164,2.6635627854727004,3.7111683791764802,0.0071316403114449756,261.0299660939056,0.0071316403114449756,244.16622376904454,0.003324582604613102,226.19831240964547,0.004285748060035566,317.99699526318426,0.004668633431690827
165,2.6885962661503466,3.82352022133191,0.007012067088554952,271.07066320106225,0.00471025038066103,228.70178490566138,0.004937357685254162,229.72732186143003,0.005271064664135627,286.15509157930256,0.007012067088554952
166,2.6390519284554315,3.2819403131404146,0.005283961423564354,260.50288775926464,0.005283961423564354,255.16508910258025,0.004165633805793378,241.94435681731554,0.004691839476237525,256.11546767366934,0.0023703899633857883
167,2.6846965159385605,3.639645186355822,0.00339106653143717,268.90634172872177,0.0016252479754462756,250.4629890141809,0.0029197854360015763,236.88877351524198,0.002433594749022827,284.90470467114477,0.00339106653143717
168,2.647281431932117,3.3987360469158197,0.010541670452385632,274.5741742207683,0.0029339454990394698,223.88891303265157,0.010541670452385632,242.63293524109886,0.001779179433558764,283.7694053669839,0.006925644631916472
169,2.6431727931831164,3.0938025529356,0.005965478398016089,252.3524557869056,0.00500592233827446,247.171393816919,0.005965478398016089,227.62514343814047,0.002645285924694596,276.7539162399992,0.003204953465199778
170,2.6611253565293636,3.12749689147363,0.007908215785690786,255.1146395874944,0.007908215785690786,243.00059156890248,0.0046580701686596004,254.10179910038045,0.004404369069556657,265.51540026877893,0.0027326022816139828
171,2.6605489759598933,3.314481944641356,0.014112631096665829,264.5398202306885,0.005574501683650812,220.58098594631116,0.013546538846204936,239.67130537513063,0.014112631096665829,270.1437029962852,0.006366407291738485
172,2.6429991806549498,3.3945605810558224,0.012518802153383857,274.2119082097805,0.005789435711685664,249.53540442171592,0.00253368872490925,232.6375694030571,0.006037936057178617,282.703655346802,0.012518802153383857
173,2.6361980392584945,3.308996396403143,0.005609432511448631,266.7790083766279,0.005609432511448631,251.31902876204032,0.00199923533097468,214.2923748795036,0.0033506746766903683,302.8883405692878,0.005591002439158499
174,2.6446652636307846,3.513345736287458,0.009449285151126197,266.66228661841353,0.0033556597147929024,240.5039062464287,0.005358385291723611,238.6577974819749,0.009449285151126197,258.0319113422504,0.004717787400448703
175,2.6329434814664388,2.846533761958991,0.006859445161353506,243.53244422347518,0.0034709823466482215,218.31002514703437,0.0032007321463689564,217.01363170012834,0.006454591819182065,291.57846410343,0.006859445161353506
176,2.653639817152439,3.6969177641381603,0.012784972096996139,276.9421552678608,0.004353789088862747,241.69638617764687,0.006303969643980278,243.74429474292597,0.0032897129066719044,260.8525308598258,0.012784972096996139
177,2.6558386365491353,3.185117880873345,0.00869247464194478,263.3968033271209,0.00869247464194478,252.35919346692447,0.003692050939782865,232.92959262165724,0.003159471695830418,284.7984546985342,0.0035481151030285485
178,2.6829328667887453,3.5113209170094972,0.00824058833274266,276.81482346043606,0.006464297091419824,231.55385370310728,0.00772550543106032,249.59525579019365,0.005198353616062801,303.989031476839,0.00824058833274266
179,2.6438827655808312,3.2868761033147305,0.01663621742207877,265.99652892564086,0.0035217068212299307,224.02450621494214,0.01663621742207877,238.50676995702412,0.009929153328409823,281.519735953912,0.0093330819747387
180,2.6510347839205597,3.5561905285708435,0.008834616831751907,261.39816034212,0.003913941252444708,245.12569118057235,0.007266252671938422,250.94216842417134,0.008834616831751907,293.86638091990034,0.0013627365258049307
181,2.6444382418241457,3.471434974469518,0.0048773062036132075,252.12244907378246,0.002831360747024947,241.67460066941558,0.0038808496622109723,261.7564790323422,0.002759518579204645,298.6238533555738,0.0048773062036132075
182,2.651305575059327,3.3732105856498658,0.004473087206441018,279.0995266306025,0.004208498997211929,245.21404147997848,0.0030756484814973284,234.67009555100918,0.004473087206441018,259.0595501016227,0.0034450694942885773
183,2.6604379599145402,3.2524090345003174,0.008667629745549355,269.1760765751534,0.0023530680230707812,220.06930601112708,0.005427713877234064,232.7912321097865,0.004198501849131786,275.54559344589273,0.008667629745549355
184,2.6715744414371985,3.3413526497091954,0.007687400058920546,268.4166031913821,0.007687400058920546,264.03268070748186,0.0042436542830922575,224.14394415895575,0.005071425576724242,284.286042455308,0.004252307474719941
185,2.656702232560595,3.3619482768116016,0.015269484659246602,248.29322907233612,0.005552008165545019,259.93034565604614,0.007342855709417284,214.75902570081027,0.015269484659246602,271.0728410732968,0.004576045493076553
186,2.641356809525941,3.498068048345316,0.010154914833634232,262.66251560125954,0.004325390619802083,240.3004178493682,0.0024872172714031082,227.67378130301958,0.010154914833634232,289.0190754986668,0.005253696771471583
187,2.6620760350125625,3.802203433178776,0.010696367903282211,276.755346980232,0.002287486922514237,246.86207246073062,0.010696367903282211,230.95619891761535,0.006601955241148427,271.8332647946385,0.01020307511401064
188,2.6550358062189607,3.8294488683459043,0.008384308228072013,286.1536415413769,0.004390423350864925,227.0267441854517,0.005457478034625152,231.640289132322,0.008384308228072013,277.50320931765015,0.0023053406436877033
189,2.6670404366936844,3.6034649921495676,0.005726187150523865,282.39073275435175,0.0036104771131951763,240.60390601512728,0.0024537816005939517,246.5508884398846,0.005279610372769805,279.35983338107116,0.005726187150523865
190,2.6620217058250844,3.6784214883576904,0.013584827741435546,253.74823762041206,0.006916103532257689,259.67635646839403,0.013584827741435546,241.2004981728127,0.009299511447632303,262.29990401918064,0.007008705310662333
191,2.651162991170415,3.5596807835314794,0.010323525298537861,263.60241698764685,0.0060479149669888654,253.95244522059684,0.005478957971297382,248.9351874025372,0.010323525298537861,287.2079182434565,0.005090312711803713
192,2.6628762557020886,3.263132351833094,0.008255498342182088,263.0369107708092,0.003719325748350044,242.5964304074268,0.004768062733518708,225.13690875355627,0.008255498342182088,255.86685834803518,0.0023349195880107976
193,2.6657342004957467,3.3697230438047967,0.005623153571594153,267.0745340763768,0.003508511759764965,253.7840338709723,0.0025207902800249427,244.03488066880539,0.0053563116456604165,306.7463340628158,0.005623153571594153
194,2.6329930301160553,3.527880497607725,0.006380469726295357,251.3692309759106,0.006380469726295357,250.72760551811507,0.004735788975131716,246.13924703208104,0.0038817331139464617,278.8724444706859,0.004070728420754621
195,2.6349990588805614,3.2726523496610955,0.007908067094077875,243.72396659546087,0.002296999123147292,241.0443414614151,0.005483920941641407,224.12643670842033,0.005892721312942384,265.35872295148476,0.007908067094077875
196,2.674291790363525,3.5753843776989,0.00905615645147817,290.22935678988193,0.003504619506743356,257.7712596141665,0.004030137971686276,226.92582590168251,0.00905615645147817,270.7734441081288,0.004669588018162085
197,2.6722752544858626,3.4934935481325757,0.007194587265456742,261.5857185244725,0.0016342511710568663,257.1485787367526,0.0020140623339022223,264.0489022563338,0.007194587265456742,295.12424372862074,0.007101476875662871
198,2.646327073288008,3.464218622530494,0.015978222778745055,269.7982228594431,0.0018089233396486604,262.88059850365715,0.015978222778745055,217.26941888312845,0.0058597435835998635,283.32040397834186,0.008827730129392086
