ts,m,n_fibrils,n_runs,n_cascades,s_max,xmin,gamma,se_gamma,ci_lo,ci_hi,n_tail,ks,gof_p,lr_stat,lr_p,mean_size,p99_size,cut_gamma,cut_se_gamma,cut_lambda,cut_sc,cut_ks,xmin_floor,gamma_floor,n_tail_floor,cutf_gamma,cutf_se_gamma,cutf_sc,R_lognorm,p_lognorm,R_exp,p_exp,R_stretch,p_stretch,beta_stretch,verdict
2,1,200,10000,612263,348,2,1.9702,0.0059,1.9579,1.9821,206091,0.02245,0.0004,4229.657,0.002,3.367,43,1.8084,0.0094,0.008371,119.45,0.03011,2,1.9702,206091,1.8084,0.0111,119.45,-36.76,0.0,126.78,0.0,-37.19,0.0,0.1336,rejected -> cutoff/lognormal/stretched_exponential
2,2,200,10000,499967,272,2,2.0676,0.0101,2.0472,2.0869,141850,0.02159,0.0004,1540.961,0.002,2.7,35,1.9496,0.0152,0.006795,147.17,0.03506,2,2.0676,141850,1.9496,0.0149,147.17,-28.02,0.0,115.31,0.0,-26.14,0.0,0.0798,rejected -> cutoff/lognormal/stretched_exponential
2,3,200,10000,459719,248,2,2.1042,0.0133,2.079,2.1295,124096,0.02043,0.0004,1044.512,0.002,2.53,32,2.0005,0.019,0.006199,161.32,0.03529,2,2.1042,124096,2.0005,0.0185,161.32,-30.22,0.0,111.44,0.0,-26.54,0.0,0.062,rejected -> cutoff/lognormal/stretched_exponential
2,5,200,10000,432683,205,2,2.1201,0.0151,2.0907,2.1505,118560,0.016,0.0004,975.512,0.002,2.501,32,2.0149,0.0216,0.006529,153.16,0.02968,2,2.1201,118560,2.0149,0.0211,153.16,-24.76,0.0,105.07,0.0,-22.79,0.0,0.0691,rejected -> cutoff/lognormal/stretched_exponential
2,10,200,10000,399303,154,2,2.0982,0.0171,2.0666,2.135,119740,0.01427,0.0004,1530.832,0.002,2.637,33,1.9549,0.0248,0.00936,106.84,0.02119,2,2.0982,119740,1.9549,0.0279,106.84,-22.84,0.0,96.64,0.0,-23.2,0.0,0.1166,rejected -> cutoff/lognormal/stretched_exponential
8,1,200,10000,1152155,274,2,2.2711,0.0062,2.2592,2.2833,336209,0.00997,0.0004,1334.762,0.002,2.264,23,2.1909,0.0081,0.006169,162.09,0.02002,2,2.2711,336209,2.1909,0.0102,162.09,-34.13,0.0,135.58,0.0,-31.65,0.0,0.0588,rejected -> cutoff/lognormal/stretched_exponential
8,2,200,10000,743352,191,2,2.3598,0.0103,2.34,2.3813,208748,0.00815,0.0004,643.104,0.002,2.069,19,2.2816,0.0126,0.006902,144.89,0.01502,2,2.3598,208748,2.2816,0.0127,144.89,-22.97,0.0,101.42,0.0,-21.68,0.0,0.0592,rejected -> cutoff/lognormal/stretched_exponential
8,3,200,10000,621229,176,2,2.3924,0.0125,2.3662,2.4153,174072,0.00667,0.0004,548.268,0.002,2.015,18,2.3081,0.0178,0.007915,126.34,0.01091,2,2.3924,174072,2.3081,0.018,126.34,-16.71,0.0,86.63,0.0,-16.43,0.0,0.0705,rejected -> cutoff/lognormal/stretched_exponential
8,5,200,10000,548200,130,2,2.3821,0.0136,2.355,2.4084,157330,0.00676,0.0004,813.487,0.002,2.025,17,2.2622,0.0205,0.011872,84.23,0.00706,2,2.3821,157330,2.2622,0.0223,84.23,-16.81,0.0,75.93,0.0,-17.14,0.0,0.1086,rejected -> cutoff/lognormal/stretched_exponential
8,10,200,10000,491297,127,2,2.2921,0.0129,2.2671,2.3162,151861,0.02162,0.0004,2103.036,0.002,2.173,18,2.0728,0.0266,0.022017,45.42,0.00276,2,2.2921,151861,2.0728,0.0265,45.42,-27.17,0.0,64.75,0.0,-27.87,0.0,0.1917,rejected -> cutoff/lognormal/stretched_exponential
16,1,200,10000,1659406,209,2,2.5274,0.0076,2.5114,2.5419,433879,0.00479,0.0004,584.197,0.002,1.824,14,2.4698,0.0087,0.00612,163.41,0.00965,2,2.5274,433879,2.4698,0.0084,163.41,-26.76,0.0,121.2,0.0,-25.55,0.0,0.0489,rejected -> cutoff/lognormal/stretched_exponential
16,2,200,10000,943327,179,2,2.5533,0.0102,2.5353,2.5755,258839,0.00293,0.0004,621.98,0.002,1.821,13,2.4623,0.0146,0.010612,94.23,0.00564,2,2.5533,258839,2.4623,0.0154,94.23,-15.5,0.0,90.33,0.0,-15.69,0.0,0.0835,rejected -> cutoff/lognormal/stretched_exponential
16,3,200,10000,747517,131,2,2.5236,0.0114,2.5022,2.5453,217907,0.00676,0.0004,815.99,0.002,1.886,14,2.404,0.0174,0.014054,71.15,0.00415,2,2.5236,217907,2.404,0.0171,71.15,-16.65,0.0,82.27,0.0,-17.02,0.0,0.1075,rejected -> cutoff/lognormal/stretched_exponential
16,5,200,10000,640364,129,2,2.4597,0.0129,2.4355,2.4866,198818,0.01227,0.0004,1424.384,0.002,1.984,15,2.285,0.0164,0.020407,49.0,0.00384,2,2.4597,198818,2.285,0.0196,49.0,-22.05,0.0,78.25,0.0,-22.66,0.0,0.1472,rejected -> cutoff/lognormal/stretched_exponential
16,10,200,10000,565479,100,2,2.3415,0.0128,2.3145,2.3652,191074,0.02335,0.0004,3287.542,0.002,2.175,17,2.0582,0.027,0.032074,31.18,0.00379,2,2.3415,191074,2.0582,0.0218,31.18,-34.09,0.0,70.98,0.0,-35.14,0.0,0.2201,rejected -> cutoff/lognormal/stretched_exponential
32,1,200,10000,2276579,196,2,2.7434,0.007,2.7295,2.7563,540489,0.00167,0.0004,597.062,0.002,1.603,10,2.672,0.0093,0.009817,101.87,0.00394,2,2.7434,540489,2.672,0.009,101.87,-16.21,0.0,112.9,0.0,-16.33,0.0,0.0708,rejected -> cutoff/lognormal/stretched_exponential
32,2,200,10000,1204642,102,2,2.6465,0.0074,2.6332,2.6621,325497,0.00754,0.0004,1013.786,0.002,1.728,12,2.5195,0.0133,0.017041,58.68,0.00303,2,2.6465,325497,2.5195,0.0139,58.68,-18.32,0.0,95.01,0.0,-18.79,0.0,0.1112,rejected -> cutoff/lognormal/stretched_exponential
32,3,200,10000,922887,101,4,2.6928,0.014,2.6646,2.7173,81302,0.01378,0.0004,1086.912,0.002,1.863,13,2.3211,0.0314,0.028044,35.66,0.01066,4,2.6928,81302,2.3211,0.0319,35.66,-18.31,0.0,42.97,0.0,-18.82,0.0,0.2084,rejected -> cutoff/lognormal/stretched_exponential
32,5,200,10000,776333,98,2,2.4718,0.0095,2.4541,2.4909,259114,0.02333,0.0004,3565.609,0.002,2.005,15,2.1785,0.0188,0.03829,26.12,0.00206,2,2.4718,259114,2.1785,0.0197,26.12,-35.55,0.0,77.36,0.0,-36.67,0.0,0.2198,rejected -> cutoff/lognormal/stretched_exponential
32,10,200,10000,680250,77,2,2.3325,0.0099,2.3134,2.352,247476,0.03116,0.0004,7388.821,0.002,2.225,16,1.898,0.0254,0.053897,18.55,0.00717,2,2.3325,247476,1.898,0.0268,18.55,-51.57,0.0,66.66,0.0,-53.41,0.0,0.2984,rejected -> cutoff/lognormal/stretched_exponential
64,1,200,10000,2785342,125,2,2.8646,0.0052,2.8534,2.8744,624055,0.00325,0.0004,647.945,0.002,1.517,8,2.7826,0.0092,0.012645,79.08,0.00218,2,2.8646,624055,2.7826,0.0088,79.08,-15.06,0.0,114.85,0.0,-15.33,0.0,0.0811,rejected -> cutoff/lognormal/stretched_exponential
64,2,200,10000,1408344,82,2,2.656,0.0065,2.6427,2.6675,380173,0.01002,0.0004,1632.792,0.002,1.713,11,2.4937,0.0144,0.022711,44.03,0.00233,2,2.656,380173,2.4937,0.0129,44.03,-23.46,0.0,98.2,0.0,-24.07,0.0,0.1356,rejected -> cutoff/lognormal/stretched_exponential
64,3,200,10000,1052041,104,2,2.5469,0.0078,2.5336,2.5641,334010,0.01988,0.0004,3394.861,0.002,1.898,13,2.2861,0.0156,0.03571,28.0,0.00144,2,2.5469,334010,2.2861,0.0142,28.0,-34.44,0.0,85.9,0.0,-35.4,0.0,0.2,rejected -> cutoff/lognormal/stretched_exponential
64,5,200,10000,870109,82,2,2.4493,0.0077,2.4325,2.4639,312974,0.02732,0.0004,5746.158,0.002,2.091,15,2.0946,0.0188,0.047106,21.23,0.00181,2,2.4493,312974,2.0946,0.0184,21.23,-45.33,0.0,77.45,0.0,-46.7,0.0,0.2547,rejected -> cutoff/lognormal/stretched_exponential
64,10,200,10000,754190,87,2,2.3036,0.008,2.2887,2.3206,295510,0.0329,0.0004,10443.155,0.002,2.35,17,1.828,0.0192,0.058575,17.07,0.00937,2,2.3036,295510,1.828,0.0213,17.07,-61.17,0.0,67.17,0.0,-63.28,0.0,0.3209,rejected -> cutoff/lognormal/stretched_exponential
128,1,200,10000,3071545,94,3,2.903,0.0065,2.8897,2.9151,278761,0.00275,0.0004,548.007,0.002,1.51,8,2.7765,0.0115,0.013347,74.92,0.00616,3,2.903,278761,2.7765,0.0121,74.92,-12.64,0.0,86.62,0.0,-12.76,0.0,0.078,rejected -> cutoff/lognormal/stretched_exponential
128,2,200,10000,1533784,99,2,2.6163,0.006,2.6049,2.6289,423162,0.01035,0.0004,2244.555,0.002,1.75,12,2.438,0.0119,0.024425,40.94,0.00361,2,2.6163,423162,2.438,0.0108,40.94,-27.8,0.0,105.35,0.0,-28.55,0.0,0.1446,rejected -> cutoff/lognormal/stretched_exponential
128,3,200,10000,1129963,109,2,2.4942,0.0064,2.4817,2.5072,375571,0.02203,0.0004,4896.736,0.002,1.98,14,2.203,0.0121,0.038776,25.79,0.00209,2,2.4942,375571,2.203,0.0126,25.79,-41.63,0.0,93.54,0.0,-42.97,0.0,0.2166,rejected -> cutoff/lognormal/stretched_exponential
128,5,200,10000,925371,95,2,2.388,0.0067,2.375,2.4018,354814,0.03211,0.0004,8639.036,0.002,2.224,16,1.985,0.0152,0.051918,19.26,0.00213,2,2.388,354814,1.985,0.0163,19.26,-55.9,0.0,80.32,0.0,-57.8,0.0,0.2826,rejected -> cutoff/lognormal/stretched_exponential
128,10,200,10000,799181,94,33,5.8293,0.3128,5.3209,6.4931,1219,0.01971,0.106,6.27,0.012,2.528,19,3.9989,1.4783,0.036937,27.07,0.01693,2,2.2468,331559,1.7669,0.0162,17.94,-1.41,0.1574,1.01,0.3132,-1.44,0.1498,0.3701,power law plausible; also cutoff
512,1,200,10000,3202072,101,3,2.8811,0.0076,2.8676,2.8959,293572,0.00324,0.0004,565.908,0.002,1.519,8,2.7598,0.0112,0.012544,79.72,0.0047,3,2.8811,293572,2.7598,0.0114,79.72,-12.54,0.0,89.28,0.0,-12.7,0.0,0.0778,rejected -> cutoff/lognormal/stretched_exponential
512,2,200,10000,1565768,95,2,2.5709,0.0069,2.559,2.585,444770,0.01396,0.0004,3105.989,0.002,1.798,12,2.3668,0.0114,0.027379,36.52,0.00243,2,2.5709,444770,2.3668,0.0098,36.52,-32.67,0.0,105.91,0.0,-33.58,0.0,0.1642,rejected -> cutoff/lognormal/stretched_exponential
512,3,200,10000,1130065,83,2,2.4435,0.0069,2.4304,2.4564,393585,0.0258,0.0004,6263.064,0.002,2.073,15,2.1293,0.0123,0.040484,24.7,0.00134,2,2.4435,393585,2.1293,0.0117,24.7,-47.23,0.0,92.74,0.0,-48.71,0.0,0.2348,rejected -> cutoff/lognormal/stretched_exponential
512,5,200,10000,909987,82,2,2.3406,0.0069,2.3272,2.3538,370007,0.03502,0.0004,10327.034,0.002,2.362,17,1.9238,0.0133,0.051624,19.37,0.0018,2,2.3406,370007,1.9238,0.0139,19.37,-61.16,0.0,80.65,0.0,-63.27,0.0,0.2948,rejected -> cutoff/lognormal/stretched_exponential
512,10,200,10000,780166,90,2,2.2047,0.007,2.1904,2.2178,343010,0.03734,0.0004,14935.941,0.002,2.709,21,1.7267,0.0147,0.052863,18.92,0.00927,2,2.2047,343010,1.7267,0.0171,18.92,-73.29,0.0,76.5,0.0,-76.29,0.0,0.3311,rejected -> cutoff/lognormal/stretched_exponential
1024,1,200,10000,3179314,115,2,2.867,0.0047,2.8577,2.8765,703301,0.0016,0.0004,448.357,0.002,1.514,8,2.8075,0.0076,0.008969,111.5,0.00245,2,2.867,703301,2.8075,0.0078,111.5,-12.95,0.0,122.18,0.0,-13.13,0.0,0.0651,rejected -> cutoff/lognormal/stretched_exponential
1024,2,200,10000,1535921,98,2,2.5723,0.006,2.5593,2.5836,436203,0.01324,0.0004,2745.664,0.002,1.801,12,2.383,0.0094,0.02513,39.79,0.00212,2,2.5723,436203,2.383,0.0089,39.79,-30.6,0.0,105.42,0.0,-31.42,0.0,0.1557,rejected -> cutoff/lognormal/stretched_exponential
1024,3,200,10000,1102881,109,4,2.6564,0.0107,2.6358,2.6766,127189,0.02524,0.0004,2473.141,0.002,2.082,15,2.185,0.0233,0.036018,27.76,0.00456,4,2.6564,127189,2.185,0.0231,27.76,-28.94,0.0,44.65,0.0,-29.87,0.0,0.2689,rejected -> cutoff/lognormal/stretched_exponential
1024,5,200,10000,884310,96,2,2.3429,0.0067,2.3298,2.3567,363010,0.03503,0.0004,9597.652,0.002,2.377,17,1.9425,0.0146,0.04924,20.31,0.00099,2,2.3429,363010,1.9425,0.0164,20.31,-58.9,0.0,79.29,0.0,-60.73,0.0,0.2885,rejected -> cutoff/lognormal/stretched_exponential
1024,10,200,10000,758958,114,31,5.0656,0.2268,4.6336,5.5238,2332,0.03202,0.0004,48.332,0.002,2.717,21,1.8461,1.2371,0.065966,15.16,0.00716,2,2.2117,337327,1.743,0.0159,19.24,-4.09,0.0,-2.14,0.0322,-4.18,0.0,0.6961,rejected -> cutoff/lognormal/exponential/stretched_exponential
4096,1,200,10000,3238109,95,2,2.8603,0.0053,2.8497,2.8703,717046,0.0015,0.0004,447.278,0.002,1.517,8,2.8022,0.0077,0.00869,115.08,0.00249,2,2.8603,717046,2.8022,0.0071,115.08,-12.99,0.0,123.81,0.0,-13.17,0.0,0.064,rejected -> cutoff/lognormal/stretched_exponential
4096,2,200,10000,1559388,91,2,2.563,0.0061,2.5503,2.5746,443497,0.01276,0.0004,2883.115,0.002,1.808,12,2.3718,0.0118,0.025194,39.69,0.00287,2,2.563,443497,2.3718,0.0121,39.69,-31.46,0.0,106.13,0.0,-32.29,0.0,0.1574,rejected -> cutoff/lognormal/stretched_exponential
4096,3,200,10000,1115769,97,2,2.4307,0.0067,2.4182,2.4433,391989,0.02603,0.0004,6019.996,0.002,2.101,15,2.1312,0.0136,0.037731,26.5,0.00131,2,2.4307,391989,2.1312,0.0146,26.5,-46.25,0.0,92.37,0.0,-47.61,0.0,0.2297,rejected -> cutoff/lognormal/stretched_exponential
4096,5,200,10000,888769,98,2,2.3222,0.0069,2.3097,2.3367,369463,0.03511,0.0004,10250.093,0.002,2.427,18,1.9198,0.0165,0.048494,20.62,0.00135,2,2.3222,369463,1.9198,0.0147,20.62,-60.88,0.0,81.01,0.0,-62.83,0.0,0.2903,rejected -> cutoff/lognormal/stretched_exponential
4096,10,200,10000,762434,115,28,4.9195,0.2387,4.4623,5.4314,3626,0.01259,0.0424,28.017,0.002,2.783,22,3.3947,0.7296,0.032965,30.34,0.01506,2,2.1908,342534,1.7212,0.0157,19.68,-3.11,0.0019,2.34,0.0193,-3.19,0.0014,0.367,rejected -> cutoff/lognormal/stretched_exponential
8192,1,200,10000,3278834,102,2,2.8474,0.0047,2.8378,2.8558,735441,0.00299,0.0004,617.584,0.002,1.526,8,2.778,0.0073,0.010413,96.03,0.00178,2,2.8474,735441,2.778,0.0083,96.03,-13.97,0.0,123.99,0.0,-14.22,0.0,0.0745,rejected -> cutoff/lognormal/stretched_exponential
8192,2,200,10000,1589010,101,2,2.5496,0.0062,2.5374,2.5626,457850,0.01366,0.0004,3213.11,0.002,1.827,13,2.3514,0.0111,0.025954,38.53,0.00269,2,2.5496,457850,2.3514,0.0102,38.53,-33.26,0.0,106.02,0.0,-34.1,0.0,0.1631,rejected -> cutoff/lognormal/stretched_exponential
8192,3,200,10000,1135825,103,2,2.423,0.0061,2.4111,2.4351,406133,0.02598,0.0004,6665.258,0.002,2.126,16,2.1114,0.0134,0.039293,25.45,0.00119,2,2.423,406133,2.1114,0.0129,25.45,-48.7,0.0,93.1,0.0,-50.14,0.0,0.2359,rejected -> cutoff/lognormal/stretched_exponential
8192,5,200,10000,903597,106,2,2.3174,0.0065,2.304,2.3304,380902,0.0351,0.0004,10934.158,0.002,2.452,18,1.9069,0.0161,0.049445,20.22,0.0021,2,2.3174,380902,1.9069,0.0149,20.22,-62.82,0.0,80.9,0.0,-64.8,0.0,0.2947,rejected -> cutoff/lognormal/stretched_exponential
8192,10,200,10000,772718,103,31,5.089,0.2794,4.6199,5.6772,2767,0.01273,0.1232,20.851,0.002,2.816,22,3.4479,1.0049,0.032737,30.55,0.01903,2,2.1897,351840,1.7318,0.0179,20.36,-2.73,0.0063,1.83,0.0667,-2.81,0.0049,0.3796,power law plausible; also lognormal/stretched_exponential/cutoff
