ts,m,xmin,n_tail,gamma,se_gamma,s_c,se_s_c,eta,se_eta,lr_vs_exponential,p_lr,d_B_implied,ks_araujo,ks_exponential,ks_lognormal,ks_stretched,best_model
2,1,2,206091,1.8738,0.0078,135.85,4.33,2.5687,0.1114,1140.7,4.695e-250,1.067,0.025279,0.030105,0.026559,0.02926,araujo
2,2,2,141850,1.995,0.0135,124.78,5.67,3.5393,0.2678,1097.2,1.363e-240,1.003,0.032579,0.035056,0.02655,0.028724,lognormal
2,3,2,124096,2.037,0.0179,118.14,6.14,3.9881,0.6614,1049.4,3.233e-230,0.982,0.033929,0.035292,0.025379,0.027164,lognormal
2,5,2,118560,2.0549,0.0193,116.24,7.33,4.0299,0.455,919.6,5.449e-202,0.973,0.027891,0.029678,0.021223,0.022917,lognormal
2,10,2,119740,2.0219,0.021,104.96,7.64,4.1791,0.6939,869.5,4.186e-191,0.989,0.016768,0.021188,0.01768,0.019414,araujo
8,1,2,336209,2.2292,0.0073,127.97,4.31,3.1189,0.1842,971.1,3.480e-213,0.897,0.017876,0.020017,0.013674,0.0146,lognormal
8,2,2,208748,2.3222,0.0111,107.99,6.67,3.7055,0.4345,586.0,1.821e-129,0.861,0.012926,0.015023,0.009381,0.010112,lognormal
8,3,2,174072,2.3559,0.0135,103.72,7.77,3.63,0.7915,390.7,5.802e-87,0.849,0.008219,0.010914,0.007793,0.007891,lognormal
8,5,2,157330,2.3347,0.0177,91.73,10.25,3.0072,1.9218,223.0,2.048e-50,0.857,0.002903,0.007062,0.006236,0.006558,araujo
8,10,2,151861,2.1101,0.0579,52.62,12.3,1.1802,0.3093,7.1,7.645e-03,0.948,0.002326,0.002757,0.007315,0.006959,araujo
16,1,2,433879,2.5027,0.0079,111.51,5.63,3.2028,0.2413,570.5,4.296e-126,0.799,0.008121,0.009648,0.004896,0.005265,lognormal
16,2,2,258839,2.5193,0.0101,84.57,5.2,3.1373,0.4578,327.4,3.607e-73,0.794,0.002853,0.005638,0.004028,0.004093,araujo
16,3,2,217907,2.479,0.0127,75.44,5.45,2.9023,0.4463,252.4,7.857e-57,0.807,0.001489,0.004148,0.004014,0.004049,araujo
16,5,2,198818,2.3867,0.0162,62.3,5.59,2.4424,0.4933,205.3,1.493e-46,0.838,0.000993,0.003838,0.004582,0.004849,araujo
16,10,2,191074,2.1694,0.0342,44.17,4.72,1.6269,0.2895,103.4,2.774e-24,0.922,0.001657,0.003794,0.007579,0.007233,araujo
32,1,2,540489,2.7188,0.008,82.64,4.67,2.815,0.2877,354.5,4.377e-79,0.736,0.002072,0.00394,0.0025,0.002523,araujo
32,2,2,325497,2.6047,0.0088,61.57,3.33,3.3,0.3371,379.8,1.409e-84,0.768,0.002093,0.003031,0.003295,0.003342,araujo
32,3,4,81302,2.547,0.0187,56.51,3.08,2.8989,0.3255,253.8,3.936e-57,0.785,0.005728,0.010661,0.011798,0.012799,araujo
32,5,2,259114,2.3063,0.0275,37.99,3.07,1.7053,0.2903,115.5,6.094e-27,0.867,0.002809,0.00206,0.004397,0.004158,exponential
32,10,2,247476,2.0751,0.0318,30.0,2.17,1.7306,0.2598,262.5,5.012e-59,0.964,0.002022,0.007167,0.011249,0.011417,araujo
64,1,2,624055,2.8422,0.0059,65.32,1.92,3.5843,0.3611,418.9,4.210e-93,0.704,0.001124,0.002185,0.001681,0.001708,araujo
64,2,2,380173,2.6048,0.0092,53.54,1.65,3.186,0.322,346.1,3.052e-77,0.768,0.00241,0.002334,0.002633,0.002718,exponential
64,3,2,334010,2.3957,0.0206,38.93,2.32,1.6157,0.154,88.4,5.359e-21,0.835,0.002429,0.001444,0.003566,0.003294,exponential
64,5,2,312974,2.2007,0.028,29.37,2.15,1.3869,0.1296,62.0,3.431e-15,0.909,0.001146,0.001812,0.006084,0.005621,araujo
64,10,2,295510,2.0109,0.0234,27.85,1.28,1.6767,0.1451,345.5,4.007e-77,0.995,0.004303,0.009372,0.013557,0.013916,araujo
128,1,3,278761,2.8654,0.0072,67.13,1.65,4.2479,0.3342,454.1,9.319e-101,0.698,0.003181,0.006159,0.004599,0.004959,araujo
128,2,2,423162,2.5517,0.008,51.61,1.52,2.7172,0.2108,402.3,1.722e-89,0.784,0.001262,0.003607,0.003926,0.004109,araujo
128,3,2,375571,2.343,0.0151,38.26,1.66,1.8564,0.1338,211.5,6.453e-48,0.854,0.002692,0.002092,0.004692,0.004527,exponential
128,5,2,354814,2.1189,0.0212,28.43,1.63,1.4769,0.1044,125.2,4.629e-29,0.944,0.001532,0.002125,0.007017,0.006465,araujo
128,10,2,331559,1.9824,0.0122,31.15,0.88,2.0061,0.1237,824.0,3.313e-181,1.009,0.003892,0.010897,0.014782,0.01554,araujo
512,1,3,293572,2.8464,0.0087,70.04,1.67,4.8058,0.4732,492.6,3.822e-109,0.703,0.002687,0.004703,0.003479,0.003685,araujo
512,2,2,444770,2.4849,0.0105,49.35,1.51,2.2293,0.1787,280.1,7.160e-63,0.805,0.002016,0.002425,0.003835,0.003859,araujo
512,3,2,393585,2.2377,0.02,34.56,2.18,1.4727,0.1172,88.2,5.828e-21,0.894,0.00225,0.001337,0.004983,0.004476,exponential
512,5,2,370007,2.0331,0.022,26.94,1.81,1.3413,0.0806,76.5,2.212e-18,0.984,0.00171,0.001796,0.007608,0.006745,araujo
512,10,2,343010,1.933,0.015,32.59,1.1,1.9305,0.1408,725.2,1.000e-159,1.035,0.00219,0.009272,0.014191,0.014524,araujo
1024,1,2,703301,2.8509,0.0052,73.38,1.99,4.5383,0.4511,523.2,8.484e-116,0.702,0.001126,0.002454,0.001553,0.001596,araujo
1024,2,2,436203,2.4927,0.0085,52.38,1.76,2.2169,0.1834,264.4,1.922e-59,0.802,0.002104,0.002117,0.003353,0.00338,araujo
1024,3,4,127189,2.4485,0.0208,49.87,2.13,2.2997,0.2237,184.7,4.480e-42,0.817,0.001783,0.004561,0.008578,0.008549,araujo
1024,5,2,363010,1.9929,0.0346,23.95,2.6,1.1339,0.0986,12.7,3.587e-04,1.004,0.001457,0.000989,0.006831,0.005734,exponential
1024,10,2,337327,1.9207,0.0207,31.4,1.46,1.6989,0.1383,474.0,4.283e-105,1.041,0.003557,0.009229,0.014297,0.014531,araujo
4096,1,2,717046,2.845,0.0062,73.91,1.66,5.1874,0.5009,565.3,5.830e-125,0.703,0.001068,0.002493,0.001614,0.001647,araujo
4096,2,2,443497,2.4822,0.0117,52.67,2.28,2.1985,0.2104,247.8,7.916e-56,0.806,0.00197,0.002873,0.004205,0.004236,araujo
4096,3,2,391989,2.2023,0.0254,33.66,2.9,1.273,0.1121,32.3,1.354e-08,0.908,0.002344,0.001309,0.004481,0.003819,exponential
4096,5,2,369463,1.9903,0.0312,25.85,2.42,1.2006,0.1045,30.2,3.969e-08,1.005,0.00154,0.001348,0.007544,0.006556,exponential
4096,10,2,342534,1.9041,0.0168,32.51,1.32,1.7518,0.1345,567.8,1.710e-125,1.05,0.003611,0.009698,0.01481,0.015115,araujo
8192,1,2,735441,2.8298,0.0054,72.83,1.93,4.2978,0.3733,490.6,1.074e-108,0.707,0.001142,0.001777,0.001404,0.001432,araujo
8192,2,2,457850,2.452,0.0127,51.2,2.3,1.8673,0.1608,177.1,2.104e-40,0.816,0.001594,0.002685,0.004357,0.004343,araujo
8192,3,2,406133,2.1883,0.0221,32.82,2.36,1.2905,0.0933,41.6,1.106e-10,0.914,0.002014,0.001194,0.005533,0.004938,exponential
8192,5,2,380902,1.9751,0.0275,25.15,2.08,1.1887,0.0862,29.4,5.810e-08,1.013,0.001905,0.002097,0.008313,0.007354,araujo
8192,10,2,351840,1.9124,0.013,33.5,1.15,1.7746,0.1299,629.9,5.195e-139,1.046,0.004879,0.010997,0.015703,0.01625,araujo
