ts,m,n_realizations,n_rods,f_rup_mean,f_rup_sd,f_rup_cv,f_rup_per_rod,phi_preterminal,phi_u050,phi_u090,phi_u099,eq5_all_alpha,eq5_all_beta,eq5_all_rmse,eq5_intact_alpha,eq5_intact_beta,eq5_intact_rmse,power_intact_alpha,power_intact_rmse
2,1,10000,602.1,68.2551,19.6546,0.288,0.113362,0.3422,0.135097,0.291512,0.336919,1.46763,0.00691208,0.119619,1.27464,0.00669457,0.0496929,0.733174,0.0179462
8,1,10000,915.8,176.199,40.0789,0.2275,0.192399,0.2852,0.11111,0.236478,0.279661,1.23262,0.0100257,0.0893102,1.04585,0.001256,0.0129346,0.9142,0.00904072
16,1,10000,1222.3,302.238,58.9957,0.1952,0.24727,0.2482,0.099344,0.206323,0.243447,1.0989,0.0118646,0.113821,0.936357,-1.11226,0.00542057,0.998173,0.00438277
32,1,10000,1630.7,483.346,82.5253,0.1707,0.296404,0.2241,0.092527,0.187322,0.219723,0.989935,0.00882584,0.124345,0.854458,-6.18346,0.0100135,1.03679,0.00281727
64,1,10000,1998.5,654.577,101.094,0.1544,0.327534,0.2112,0.088521,0.177068,0.207161,0.987846,-1.01278,0.175854,0.809085,-9.46908,0.0139652,1.08966,0.000835909
128,1,10000,2178.9,767.122,104.656,0.1364,0.352068,0.2125,0.089099,0.178171,0.208601,0.958155,-1.56477,0.188791,0.790781,-13.761,0.016233,1.12818,0.00105087
512,1,10000,2273.8,848.782,107.484,0.1266,0.373288,0.2137,0.08989,0.179247,0.209653,0.942291,-2.36223,0.194939,0.780099,-14.1928,0.0171156,1.13195,0.00129915
1024,1,10000,2286.7,862.868,116.469,0.135,0.377342,0.2101,0.088368,0.175938,0.206117,0.943416,-2.09308,0.192707,0.776136,-13.0372,0.0171124,1.12646,0.00130666
4096,1,10000,2316.8,893.754,117.626,0.1316,0.385771,0.2118,0.088971,0.177398,0.20774,0.93628,-2.05613,0.194194,0.772373,-13.0906,0.0171481,1.12529,0.00131694
8192,1,10000,2321.2,902.558,128.144,0.142,0.388833,0.2152,0.09049,0.180438,0.211193,0.935696,-1.99727,0.189234,0.774005,-13.0761,0.0174337,1.12422,0.00124678
2,2,10000,602.1,150.619,35.898,0.2383,0.250157,0.2249,0.065109,0.178083,0.219605,1.26309,-2.41906,0.102774,1.00986,-0.000252311,0.012612,1.01766,0.0126056
8,2,10000,915.8,331.223,69.7137,0.2105,0.361676,0.1684,0.051603,0.132253,0.164061,1.0687,0.0110797,0.131984,0.844624,-7.67191,0.0139738,1.19435,0.00467671
16,2,10000,1222.3,529.655,100.848,0.1904,0.433327,0.1409,0.04527,0.111602,0.137558,0.976411,0.00746954,0.148727,0.760618,-15.2263,0.0165458,1.27143,0.00174746
32,2,10000,1630.7,822.418,136.458,0.1659,0.504334,0.1279,0.043607,0.101783,0.124821,0.949692,-1.54169,0.201009,0.694157,-6.98448,0.0154599,1.2102,0.00277497
64,2,10000,1998.5,1103.27,166.883,0.1513,0.552049,0.1205,0.04244,0.095954,0.117682,0.905922,-3.83024,0.217531,0.658323,-7.28507,0.0166532,1.26961,0.00146551
128,2,10000,2178.9,1298.65,170.807,0.1315,0.596011,0.123,0.0433,0.097915,0.11995,0.871038,-5.35896,0.226322,0.643468,-7.44159,0.0180673,1.35048,0.00139691
512,2,10000,2273.8,1435.87,174.751,0.1217,0.631483,0.1237,0.04439,0.099001,0.120754,0.859023,-5.29446,0.232867,0.635985,-7.45748,0.0181683,1.33268,0.00149228
1024,2,10000,2286.7,1462.03,193.991,0.1327,0.639361,0.1207,0.043227,0.096517,0.117811,0.860774,-5.10593,0.229764,0.63251,-7.45201,0.0179763,1.31139,0.00173899
4096,2,10000,2316.8,1516.32,193.733,0.1278,0.654488,0.1216,0.043484,0.097322,0.118687,0.85733,-4.64232,0.233299,0.628639,-7.47027,0.0178123,1.31021,0.00165297
8192,2,10000,2321.2,1532.44,217.536,0.142,0.660193,0.1248,0.045028,0.099942,0.121866,0.851664,-4.64397,0.223182,0.630964,-7.45322,0.0178662,1.29927,0.0013518
2,3,10000,602.1,194.006,44.4653,0.2292,0.322215,0.194,0.055258,0.151476,0.189126,1.19709,0.0134868,0.11599,0.931936,0.00497867,0.0120378,1.06476,0.0106264
8,3,10000,915.8,409.769,85.3444,0.2083,0.447444,0.1371,0.041553,0.106983,0.133567,1.02166,0.0093831,0.139151,0.779972,-10.4724,0.0136867,1.21142,0.00354666
16,3,10000,1222.3,647.61,123.889,0.1913,0.529829,0.1156,0.03716,0.090075,0.112602,0.94571,0.0060111,0.157404,0.705163,-14.8564,0.0155628,1.29159,0.00156126
32,3,10000,1630.7,1001.81,165.304,0.165,0.614343,0.1056,0.036784,0.083145,0.102904,0.91997,-3.61376,0.211141,0.643034,-7.22081,0.013063,1.15761,0.00283253
64,3,10000,1998.5,1343.47,203.061,0.1511,0.672238,0.0998,0.036386,0.079058,0.097204,0.876302,-4.81233,0.225515,0.611399,-7.4691,0.0139028,1.21169,0.00170785
128,3,10000,2178.9,1586.39,205.791,0.1297,0.728068,0.1025,0.037335,0.08138,0.099948,0.84113,-4.81212,0.231973,0.597958,-7.59646,0.0151603,1.30029,0.00175474
512,3,10000,2273.8,1752.67,210.388,0.12,0.770812,0.1029,0.038447,0.08211,0.100363,0.831929,-4.61468,0.239947,0.591477,-7.61232,0.0150205,1.26752,0.00176808
1024,3,10000,2286.7,1785.88,236.2,0.1323,0.780987,0.1002,0.037299,0.07954,0.097702,0.836511,-4.37499,0.237844,0.587743,-3.52119,0.014829,1.24736,0.00197036
4096,3,10000,2316.8,1856.45,235.925,0.1271,0.801299,0.101,0.037478,0.080698,0.09857,0.831706,-4.37832,0.240987,0.584121,-3.42766,0.0145105,1.22808,0.00216499
8192,3,10000,2321.2,1875.19,268.774,0.1433,0.807855,0.1038,0.039051,0.083001,0.10129,0.827307,-3.82237,0.230422,0.586944,-3.42607,0.0146637,1.22765,0.00161654
2,5,10000,602.1,233.874,52.7212,0.2254,0.38843,0.1806,0.052298,0.141253,0.176037,1.15179,0.0128013,0.122599,0.890881,-6.35665,0.0123375,1.04538,0.0109475
8,5,10000,915.8,483.117,100.386,0.2078,0.527535,0.1217,0.038305,0.095492,0.11854,0.989936,0.0081099,0.142269,0.740504,-13.751,0.0125951,1.17843,0.00324927
16,5,10000,1222.3,759.881,146.974,0.1934,0.621682,0.1042,0.034859,0.081208,0.101546,0.962823,-1.20567,0.184742,0.673556,-7.25728,0.0147332,1.26901,0.00200129
32,5,10000,1630.7,1175.05,195.696,0.1665,0.72058,0.0956,0.035201,0.075741,0.093279,0.89895,-4.34757,0.214751,0.613398,-7.33453,0.0113602,1.08166,0.00312812
64,5,10000,1998.5,1575.51,237.977,0.151,0.788345,0.0909,0.035059,0.072492,0.088695,0.854444,-8.99439,0.228928,0.584199,-7.56802,0.0121396,1.14426,0.00190746
128,5,10000,2178.9,1866.52,241.088,0.1292,0.856632,0.0943,0.036113,0.075288,0.091959,0.819724,-4.58863,0.23428,0.573219,-7.67418,0.0135975,1.23552,0.00203254
512,5,10000,2273.8,2061.64,244.975,0.1188,0.906696,0.0944,0.03711,0.075858,0.092124,0.811432,-3.67084,0.242739,0.567128,-3.44644,0.0132771,1.19141,0.0019984
1024,5,10000,2286.7,2105.32,279.913,0.133,0.920678,0.0917,0.035961,0.073352,0.089415,0.814633,-3.52988,0.239028,0.563294,-3.44746,0.0130266,1.16624,0.00221268
4096,5,10000,2316.8,2193.56,278.373,0.1269,0.946807,0.093,0.03605,0.075072,0.090825,0.673298,0.00243223,0.123926,0.559528,-3.44638,0.0126741,1.13985,0.00278855
8192,5,10000,2321.2,2212.02,319.863,0.1446,0.952964,0.0953,0.037655,0.076886,0.093082,0.805886,-4.88638,0.23108,0.562796,-3.44602,0.0128658,1.14808,0.00190439
2,10,10000,602.1,263.931,58.351,0.2211,0.438351,0.1758,0.051008,0.138931,0.171639,1.12683,0.0113925,0.127699,0.866792,-6.65688,0.0133626,1.02273,0.0121164
8,10,10000,915.8,541.876,112.432,0.2075,0.591696,0.1169,0.03769,0.091375,0.11387,0.967152,0.00740459,0.142558,0.7212,-13.9368,0.0123173,1.15498,0.00336333
16,10,10000,1222.3,851.356,165.114,0.1939,0.69652,0.1009,0.034417,0.07879,0.098348,0.946427,-1.71594,0.188804,0.658766,-7.28994,0.0146096,1.24708,0.00196118
32,10,10000,1630.7,1319.17,221.921,0.1682,0.80896,0.0929,0.035278,0.074104,0.090636,0.883938,-4.35506,0.21655,0.600952,-7.40586,0.0111792,1.05751,0.00311485
64,10,10000,1998.5,1766.47,267.712,0.1516,0.883897,0.0886,0.034933,0.070743,0.08642,0.839891,-4.22639,0.230099,0.57167,-3.54076,0.0118225,1.12243,0.00200284
128,10,10000,2178.9,2097.82,271.737,0.1295,0.962789,0.0925,0.03598,0.074128,0.090322,0.80159,-3.69869,0.230874,0.561419,-3.46135,0.0134374,1.22735,0.00214528
512,10,10000,2273.8,2316.57,276.872,0.1195,1.01881,0.0928,0.036866,0.074708,0.090624,0.797504,-4.98802,0.242864,0.55538,-3.46043,0.0129721,1.17195,0.00213424
1024,10,10000,2286.7,2370.64,311.931,0.1316,1.03671,0.09,0.03573,0.071946,0.087744,0.801714,-4.84743,0.24161,0.551792,-3.46098,0.0127019,1.1426,0.00229417
4096,10,10000,2316.8,2476.26,313.96,0.1268,1.06883,0.0915,0.035763,0.074361,0.089485,0.798452,-4.82401,0.246088,0.548599,-3.457,0.0124015,1.10544,0.00328195
8192,10,10000,2321.2,2495.49,362.208,0.1451,1.07508,0.0936,0.037306,0.076135,0.091429,0.795693,-4.7985,0.234941,0.552166,-3.46096,0.0127413,1.13159,0.0020342
