ts,omitted_seed,xmin,alpha,ks,n_tail
2,130,69,3.826783801380016,0.014127090519800573,16685
2,145,69,3.8244566582873465,0.014252931008476993,16669
2,160,69,3.8229481348778966,0.014821843138248525,16705
2,175,69,3.8300374941245674,0.014880467436284794,16555
2,190,68,3.800222479894296,0.015623358517910885,17209
2,205,70,3.8520432004399994,0.015187627258973158,15906
2,220,68,3.8077866504513653,0.01461366742625167,17365
2,235,69,3.8241735959867813,0.014578640316858849,16707
2,250,67,3.7776516583258744,0.015155581259849393,17725
2,265,70,3.835946148852344,0.014048039242733235,15693
2,280,67,3.786955308427489,0.014629851496112511,17800
2,295,69,3.8226629450741365,0.014245625058090627,16775
2,310,70,3.8388863238459985,0.013597544093342906,15564
2,325,67,3.833482677694003,0.015955714350647465,17350
2,340,69,3.814209698350188,0.014497133162613585,16610
2,355,68,3.8157247392449394,0.013998123675468654,17275
2,370,69,3.818371578023785,0.014443442761442715,16772
2,385,68,3.827509448658255,0.013462092895696803,17096
2,400,70,3.9025344666773254,0.01329392324349199,15564
2,415,68,3.806100866990836,0.014048461536807277,17113
2,430,70,3.895689886840784,0.013166430599286905,15244
2,445,69,3.8027945195581747,0.015170530632713897,16580
2,460,69,3.8167983412547977,0.014028225749490364,16489
2,475,67,3.9007152695076517,0.012930562602588624,17122
2,490,68,3.834629236011882,0.012948287913256862,16878
2,505,70,3.810044788899113,0.015661426237863263,16005
2,520,68,3.837457818310445,0.013726457849804585,17032
2,535,70,3.8289079884309993,0.015292827824480604,16019
2,550,68,3.811244797793692,0.013781611846101383,17313
2,565,68,3.814286961448147,0.014151464135684383,17357
2,580,69,3.8292606266063647,0.01398432199790467,16624
2,595,68,3.8088026101122607,0.013778454768348936,17269
2,610,68,3.814366446750923,0.013768072918706104,17278
2,625,69,3.857722588845697,0.016819287708708414,16257
2,640,69,3.8194675138821577,0.0145049227470615,16762
2,655,69,3.8165432428191273,0.014721979771243454,16714
2,670,68,3.799701249521584,0.01463983005723854,17258
2,685,67,3.800204838134006,0.013822442608030477,17565
2,700,68,3.8125092235712494,0.013351990384804502,16939
2,715,68,3.808730920034691,0.014384717657703688,17410
2,730,70,3.835416594862744,0.0142797360272362,16010
2,745,70,3.8162944263256877,0.015280730026501987,16016
2,760,70,3.8313599832490244,0.014339490542125355,16020
2,775,70,3.828234070917979,0.014020249866682155,15836
2,790,59,3.690995453274873,0.012421377210318746,24118
2,805,69,3.817082764338326,0.014640571298542404,16751
2,820,69,3.8146850636858742,0.014618711456286765,16666
2,835,71,3.8443065242669228,0.015567741052844641,15336
2,850,68,3.806716308594594,0.014533460157416744,17230
2,865,69,3.817922179964377,0.01468765856802734,16769
8,880,3,2.108536664853896,0.01926807580403267,1176956
8,895,3,2.1082031363160243,0.01946896113696417,1170000
8,910,3,2.1070557504153493,0.019597331039566845,1165617
8,925,3,2.1066572274377635,0.018957546004408465,1168582
8,940,3,2.1090603079461556,0.01889935916000418,1170325
8,955,3,2.1087354187750047,0.01937473102345011,1171721
8,970,3,2.1079994184666293,0.018984913860697894,1165811
8,985,3,2.1061170979234505,0.019404874123231997,1176045
8,1000,146,4.679880672672964,0.01925183759392396,1953
8,1015,3,2.10896613032533,0.019355310057004527,1174004
8,1030,3,2.1108529759564814,0.019871097069846355,1170641
8,1045,3,2.106937718851885,0.019484108267520894,1171722
8,1060,3,2.1051532210624453,0.019569481577686454,1167727
8,1075,3,2.1086644669174626,0.01879528931952512,1181352
8,1090,3,2.1052317047308398,0.019599454463635202,1178211
8,1105,3,2.105916775561572,0.019347093944532157,1168164
8,1120,3,2.1057371029861076,0.019636473048197156,1167941
8,1135,3,2.1047959598697252,0.019292587362617297,1159938
8,1150,3,2.1105948676192905,0.01862743177365178,1170771
8,1165,3,2.1071122791394328,0.019201358575972716,1169145
8,1180,3,2.1083456207264817,0.019016410939599493,1168528
8,1195,3,2.111330578089851,0.019094014192613917,1170926
8,1210,3,2.107494754153414,0.018508723195678867,1163817
8,1225,3,2.1103312822528024,0.018882858238235767,1177403
8,1240,3,2.1074444355071544,0.01972628904909024,1178195
8,1255,3,2.1087078982880363,0.018906095171290827,1172291
8,1270,3,2.106747518745722,0.019712575338353133,1169808
8,1285,150,4.8134926841992804,0.01970082786807259,1674
8,1300,118,4.484025426486211,0.01673255022121778,3654
8,1315,3,2.1068170120049037,0.019115328172552126,1166923
8,1330,3,2.1048650097596644,0.01902096542191367,1162299
8,1345,3,2.10917201585872,0.018953872165132224,1176575
8,1360,3,2.1109806186555757,0.018948560679490578,1169646
8,1375,3,2.1052684380052815,0.019547810349876737,1178068
8,1390,3,2.110313037021851,0.018831524975129077,1172967
8,1405,3,2.106773180085338,0.01948747006436058,1169184
8,1420,3,2.106577158547459,0.019928976874463267,1172518
8,1435,3,2.1089968747432506,0.01936972608206189,1165062
8,1450,3,2.1091661445020367,0.019024578483527788,1169432
8,1465,3,2.105032664749446,0.018954619758919655,1167161
8,1480,3,2.108813562380287,0.01981271970923637,1175100
8,1495,3,2.1114966565649156,0.018825754908146752,1168948
8,1510,3,2.115636115421318,0.019418593183101795,1174665
8,1525,3,2.1052731020936797,0.01908733172030319,1167993
8,1540,98,4.214050285272027,0.010355147670258025,6010
8,1555,3,2.1078160660730743,0.019211960680019957,1164058
8,1570,3,2.1078936903119265,0.019100164286139365,1173552
8,1585,146,4.7238272617904675,0.01873555258106696,1907
8,1600,3,2.1082517823675397,0.019081902189731048,1179541
8,1615,3,2.1068513764059005,0.01957603734175639,1171150
16,1630,3,2.2622268654375652,0.014080521694163517,1164108
16,1645,3,2.265588079186302,0.01433573902285723,1158092
16,1660,3,2.2682868781515833,0.014474464524749153,1157034
16,1675,4,2.2300914244744177,0.015075296645302605,739885
16,1690,3,2.26545782545178,0.014127464633665099,1155419
16,1705,3,2.2654962723392966,0.014527871711436546,1160219
16,1720,3,2.263885286660969,0.014134646516333282,1162197
16,1735,3,2.262545088223562,0.01333020235433735,1158260
16,1750,3,2.2650540811699527,0.014018926705265389,1161376
16,1765,3,2.263363151627222,0.015188054131019202,1152037
16,1780,3,2.265734249189921,0.014640263140854315,1148931
16,1795,3,2.266914110892209,0.014225669196796575,1154646
16,1810,3,2.2628280703293595,0.013369963736928225,1160323
16,1825,3,2.2659318947405156,0.013886352675481217,1159669
16,1840,3,2.262530578584055,0.014968792665049246,1151395
16,1855,3,2.2589971756819476,0.013690603590396366,1147606
16,1870,3,2.267879865620421,0.013323213184194937,1155710
16,1885,3,2.2638626709613554,0.014296556820316109,1149345
16,1900,3,2.2632785547205856,0.014231499236161294,1163688
16,1915,3,2.265297028443729,0.014045939886783931,1155194
16,1930,3,2.264360600503078,0.014021792931903143,1159008
16,1945,3,2.2671989058840847,0.01340104615436899,1163015
16,1960,3,2.260663603100847,0.014356629812295074,1152121
16,1975,3,2.265710831962225,0.014334386575496905,1153253
16,1990,3,2.2609926356060357,0.01563419050325493,1150492
16,2005,3,2.262563454103426,0.01370252641162778,1159705
16,2020,3,2.2633864402144748,0.014305639626684186,1155133
16,2035,3,2.2615672313067674,0.013257552210888479,1152962
16,2050,3,2.263376481818102,0.014268934954824286,1164660
16,2065,3,2.265338523594099,0.01470668351802551,1154141
16,2080,3,2.265106634848681,0.014425769180757941,1158856
16,2095,3,2.2653847596056176,0.014422800887251952,1155987
16,2110,3,2.2665629781262004,0.013926457101337053,1154991
16,2125,3,2.2647031359853225,0.013425374946786528,1160117
16,2140,3,2.2661048305864897,0.0144225567155713,1163429
16,2155,3,2.2641232947571193,0.013945038538417776,1151963
16,2170,3,2.2630431393547474,0.014648499391061609,1147453
16,2185,3,2.2643735297824708,0.014511482536870679,1154472
16,2200,3,2.2610921539893907,0.013763168146969429,1158571
16,2215,3,2.2636605848740095,0.013649759104081671,1156176
16,2230,3,2.2655116814202847,0.01436858967783966,1156778
16,2245,3,2.266918263051889,0.01358734367375608,1157869
16,2260,3,2.262084044705695,0.015237725457113716,1153566
16,2275,3,2.2606098409524007,0.014016189706563431,1155241
16,2290,3,2.262652268623927,0.01439871185352487,1159278
16,2305,3,2.264691402559514,0.014562071660517206,1156781
16,2320,3,2.2638586888471988,0.01422791109234861,1159138
16,2335,3,2.2639630919393903,0.014778516493397786,1156707
16,2350,3,2.263790929603492,0.014772386680217298,1152681
16,2365,3,2.2627161741332515,0.01432808472456143,1158421
32,10000,4,2.440607485906851,0.00751741389814875,653699
32,10015,4,2.4327517656390096,0.007408975629866976,659329
32,10030,4,2.429580533874312,0.0072389051304088126,662477
32,10045,4,2.429062730390793,0.007461060296540811,660121
32,10060,4,2.4332288319309483,0.007301843254772122,660336
32,10075,4,2.4305984553737248,0.007348074244093561,655292
32,10090,4,2.43048050280794,0.007138120136455872,651899
32,10105,4,2.432756930629663,0.007162218533173337,664109
32,10120,4,2.4282852438952234,0.007664914005062751,654660
32,10135,4,2.433439317319365,0.0071297550926318065,654524
32,10150,4,2.432091469263601,0.007314188601456384,660679
32,10165,4,2.4321540642216846,0.00693184182747586,657984
32,10180,4,2.434904532097745,0.007171752812910492,657323
32,10195,4,2.4364642259597624,0.006755061933687911,662135
32,10210,4,2.4329636331084856,0.007255023481321565,662573
32,10225,4,2.436991442604928,0.006493109607814018,655281
32,10240,4,2.4430184766403653,0.00635518186706896,654652
32,10255,4,2.433035681964681,0.006655467870481435,657474
32,10270,4,2.436043387936265,0.00714111908690207,656711
32,10285,4,2.4339253420234894,0.007363342765888015,655994
32,10300,4,2.4378775380798925,0.006368688871459471,656712
32,10315,4,2.4379370671121583,0.0072746326082674395,661595
32,10330,4,2.436467050019745,0.007320986351067704,653750
32,10345,4,2.4278672824634167,0.007402815530542561,656222
32,10360,4,2.4346490504527076,0.00691301253973009,657726
32,10375,4,2.4355633472711915,0.007227364767644073,657110
32,10390,4,2.4343416494713614,0.007243352248602619,659413
32,10405,4,2.4300891634626787,0.007825338076118626,653882
32,10420,4,2.435909884698673,0.007470822605590621,652557
32,10435,4,2.4348856258656055,0.007117340898493252,657346
32,10450,4,2.4361913168475593,0.006806806490651018,664167
32,10465,4,2.442016645820281,0.007075807846222748,663538
32,10480,4,2.4343483232318888,0.0073715333412104345,658661
32,10495,4,2.4282917490414664,0.0072321212885402275,656820
32,10510,4,2.43153202411269,0.0072681919071319045,659893
32,10525,4,2.4318315175506506,0.007071358106836678,654470
32,10540,4,2.435389557552888,0.007090975510086528,657647
32,10555,4,2.4336583735212405,0.00704482955234087,663078
32,10570,4,2.435252789450311,0.006719068561016894,652441
32,10585,4,2.436847335589817,0.0071426340331333105,655906
32,10600,4,2.4297935110282047,0.007397067660550816,659381
32,10615,4,2.4360494354280906,0.006875265998983693,660620
32,10630,4,2.43645102525928,0.007325692040620835,655909
32,10645,4,2.4327736910445505,0.0067866421625629725,657042
32,10660,4,2.4310534443653884,0.007498926758917834,653253
32,10675,4,2.436308697899035,0.007514248114832478,659261
32,10690,4,2.432672060019246,0.006898722873860064,661007
32,10705,4,2.431543440479225,0.007169518515392381,660939
32,10720,4,2.432659216767023,0.007671691130075375,652105
32,10735,4,2.4351608627454673,0.007529169021187498,662037
64,2380,6,2.537074696910917,0.007233432605568635,289914
64,2395,6,2.533985446111392,0.007813285788544011,289824
64,2410,6,2.530268130451254,0.007696105173391032,289064
64,2425,6,2.5292975319110313,0.007768007539786237,293034
64,2440,6,2.5341232505198,0.00759429869301087,290915
64,2455,6,2.534951497286387,0.007700109168737201,288525
64,2470,6,2.5337227305085834,0.007521981789469057,291265
64,2485,6,2.53662419387676,0.0075922252126636725,291048
64,2500,6,2.542947447101296,0.007478071374827033,291575
64,2515,6,2.5340659437734465,0.007821767149051029,291532
64,2530,6,2.530516445767886,0.007827566013996257,290526
64,2545,6,2.53060479141936,0.008338711991098702,287961
64,2560,6,2.5320086851375585,0.008545141915963561,289598
64,2575,6,2.531830606050698,0.007810428106976963,288486
64,2590,6,2.531902295045062,0.007416157622997965,290953
64,2605,6,2.5337565608737664,0.0074421231952476186,292109
64,2620,6,2.5397370011999376,0.007337973441777779,285033
64,2635,6,2.5363866508648,0.006917649406861681,292386
64,2650,6,2.5389598272514102,0.007842224064632641,288367
64,2665,6,2.530354499220105,0.008188228602545311,288494
64,2680,6,2.5354601965895545,0.007346942846192861,291307
64,2695,6,2.5282095076282403,0.008229023043211714,290055
64,2710,6,2.538375399395756,0.007291061084831463,291601
64,2725,6,2.5305960010236923,0.00784238212551902,288019
64,2740,6,2.5309379900967395,0.007907909195813523,288773
64,2755,6,2.5417989190632713,0.007034802737249213,285669
64,2770,6,2.5333500690054693,0.007646904733323301,289830
64,2785,6,2.5301719907810427,0.007884222074859615,288927
64,2800,6,2.5307350145986836,0.0077028902076276,291190
64,2815,6,2.5360297483144096,0.007876637548084764,289950
64,2830,6,2.5277883573599773,0.007865323992701678,289992
64,2845,6,2.538856046137828,0.007447733077018293,288829
64,2860,6,2.5315911741438373,0.007727264168697956,289918
64,2875,6,2.5293869429788796,0.007787834268899951,292406
64,2890,5,2.564989992695323,0.007368420505198148,403439
64,2905,6,2.538639219032234,0.007798317326677906,291311
64,2920,6,2.5307900342264067,0.007673438072680838,292671
64,2935,6,2.5350066079195184,0.007634444335319013,288630
64,2950,6,2.537921280287861,0.00756749062615758,290140
64,2965,6,2.5422111711252198,0.006475428959759277,290237
64,2980,6,2.5356918090441836,0.007853051467713867,289819
64,2995,6,2.531789488220195,0.00754586878089758,291330
64,3010,6,2.5316701884671007,0.007828350084336355,288758
64,3025,6,2.534445357437757,0.0073979500613141624,291673
64,3040,6,2.5379868138209636,0.007972602214241453,290264
64,3055,6,2.5274947657810816,0.007894297809685091,291623
64,3070,5,2.557334304266539,0.007890258235303427,400957
64,3085,6,2.533515053812418,0.007963237840438397,291348
64,3100,6,2.5356730852947407,0.007669265637447631,290592
64,3115,6,2.5311195225483805,0.00860997871931013,287393
128,3130,7,2.630729398162166,0.0046847004080309285,195146
128,3145,6,2.6412994517931305,0.004983893960261859,257651
128,3160,7,2.6330897438693994,0.004881437383153608,191763
128,3175,6,2.647745388251907,0.004644457189365375,254255
128,3190,6,2.6448208862497844,0.005188673262995963,256709
128,3205,6,2.6469089627696394,0.0046570010197776734,258718
128,3220,6,2.6483652623470273,0.004480282072516717,258297
128,3235,6,2.6468724853166194,0.004727125426530754,255681
128,3250,7,2.6378118309482153,0.004540476098463975,194603
128,3265,7,2.629221730818698,0.0047884397375764776,193074
128,3280,6,2.6436229532977724,0.004970720207952833,256601
128,3295,6,2.6453750520786183,0.004584888298357986,256459
128,3310,6,2.647159466751143,0.004800724800556266,258860
128,3325,6,2.642437373145913,0.004908791771450177,257546
128,3340,6,2.6478663000349716,0.004693557166337986,253303
128,3355,6,2.6416413689096507,0.004749414291469023,256110
128,3370,6,2.644045885708889,0.0048860115818076255,255625
128,3385,6,2.648866057789689,0.0046526603834367575,255783
128,3400,7,2.63618840375579,0.004641699404667077,193568
128,3415,6,2.644792556273637,0.004899968884175959,258013
128,3430,6,2.6434072113888423,0.004580009050860562,258307
128,3445,7,2.630898801270362,0.004723526865453298,195329
128,3460,6,2.6447746874357616,0.00467155276463474,255922
128,3475,6,2.644855870111741,0.0045188757618757625,256815
128,3490,7,2.634546180549614,0.004598376174081875,195187
128,3505,6,2.642802948478712,0.004621100492114283,257852
128,3520,6,2.6418147136393357,0.004860935772043107,258998
128,3535,7,2.6328665362801327,0.005060496651786317,192390
128,3550,6,2.6507462020022894,0.00491065644763064,254939
128,3565,6,2.6431015531393833,0.004648553130633781,258271
128,3580,6,2.648438299000663,0.004623679356705684,256849
128,3595,7,2.630916811414721,0.004774323074433484,193950
128,3610,6,2.646747237388376,0.004828739712722213,257062
128,3625,7,2.6304084210127887,0.005066073190889586,195019
128,3640,6,2.6490350243350127,0.004691270701616679,256269
128,3655,6,2.6440095623115725,0.0045985897688401445,254375
128,3670,6,2.644015736946274,0.004949019488437373,258122
128,3685,7,2.629644040032602,0.004946314695753795,194822
128,3700,7,2.6299528301005357,0.00515262563567187,194543
128,3715,6,2.6409615476081396,0.004895451264319339,255567
128,3730,6,2.643374004552345,0.004754521280867424,255355
128,3745,6,2.6443759547435692,0.004527457497265991,255773
128,3760,6,2.6407897115074603,0.005003986316662129,257940
128,3775,7,2.6296463482808323,0.004890096954969447,192276
128,3790,6,2.644316238484681,0.004797101266120207,257254
128,3805,6,2.6418439481877636,0.004848129868834511,257948
128,3820,6,2.6487664817240466,0.004685697047501242,257670
128,3835,6,2.64017272195848,0.004810515535655424,255699
128,3850,6,2.6465838376179875,0.004831239651607949,253848
128,3865,6,2.6422142260860277,0.004958042099846627,256793
512,3880,6,2.712931517691955,0.0036015618841931385,233434
512,3895,6,2.709468900504763,0.003448427136996779,232845
512,3910,6,2.708160784569967,0.0031885787892587114,236033
512,3925,6,2.7071107229058393,0.003363105035923075,236376
512,3940,6,2.71310957678855,0.0032525476305731438,235631
512,3955,6,2.7060246635995115,0.0035080329497180207,234954
512,3970,6,2.711689821025121,0.0033377189223471326,232583
512,3985,6,2.7103652018504847,0.003335382515258445,235505
512,4000,6,2.7090533012380007,0.003263979454213639,237363
512,4015,6,2.7086853203031787,0.0034572774120085192,236038
512,4030,6,2.711884154657902,0.0033323342972797487,233771
512,4045,6,2.713400297309384,0.003182596610463717,233039
512,4060,6,2.7094002013076883,0.002998047358597433,230411
512,4075,5,2.724206008085177,0.0033953492569786525,331986
512,4090,5,2.72007255486256,0.00327240780062793,330858
512,4105,6,2.7109957179414526,0.0036572597051598432,233548
512,4120,6,2.715548606758945,0.0031233141006716814,233904
512,4135,6,2.711876731552906,0.0030002562362697605,234127
512,4150,6,2.707874786308636,0.0031502555967147794,235672
512,4165,6,2.715802601779873,0.0030438970877185723,234532
512,4180,6,2.7130837128043077,0.003166488601907158,230979
512,4195,6,2.7102800281216304,0.003373610970476615,233150
512,4210,6,2.7109820768146866,0.003064629541913444,233248
512,4225,5,2.72439339813706,0.0030945361877344757,332801
512,4240,5,2.7228893069726587,0.0033663916837367025,331744
512,4255,6,2.7094343155894336,0.003446029444090004,234104
512,4270,6,2.7157355767432576,0.003131861851890849,233681
512,4285,6,2.708330031055938,0.003260448107102909,236853
512,4300,6,2.710429397753417,0.003041529332755033,236445
512,4315,6,2.7112844443439763,0.0034589666879959458,233921
512,4330,6,2.715078094662346,0.0031631120635164933,231832
512,4345,6,2.7114590353339607,0.0031842358860689757,232237
512,4360,6,2.715117042670311,0.003139155599279686,234491
512,4375,6,2.7088260693644304,0.003214680729179964,232443
512,4390,6,2.7082382527662503,0.003192539629225055,231033
512,4405,6,2.715139486166883,0.002669145137566664,235575
512,4420,6,2.7103857056609333,0.0031733226414389915,234470
512,4435,6,2.711697929064049,0.0033665606278203697,236211
512,4450,6,2.7124912864933557,0.002769308957242922,233092
512,4465,6,2.7117753186967,0.0029890894885833408,234279
512,4480,6,2.7103781701122176,0.0034767038996001975,233038
512,4495,6,2.7137669776107685,0.003058805195094383,233205
512,4510,5,2.7188914823621926,0.003580531534912834,330544
512,4525,6,2.7077216717603334,0.0032358037428336095,235354
512,4540,6,2.711866803533267,0.003346867940999365,234768
512,4555,6,2.7097318976766243,0.003377428965956386,234776
512,4570,6,2.71104939401897,0.0035572003664803287,231666
512,4585,6,2.7114658503450637,0.0029872951066750586,234294
512,4600,6,2.712628522841563,0.003185015170436234,235016
512,4615,6,2.7123246458935704,0.002769343908014754,232961
1024,4630,6,2.7130027645330768,0.005016196422635288,234730
1024,4645,6,2.7201310955610123,0.004467301516579925,234640
1024,4660,5,2.7368993107056885,0.004414447791703857,333957
1024,4675,5,2.731425366671727,0.004584641486141017,335925
1024,4690,5,2.732785855554657,0.005120016314875242,336974
1024,4705,6,2.7167884784878504,0.004746683565498122,236725
1024,4720,6,2.7139447747116816,0.005249261883651046,234378
1024,4735,6,2.7141247599006797,0.004932634259081081,235374
1024,4750,6,2.7105060946908295,0.005022339462704251,237336
1024,4765,6,2.713955521996998,0.004729548856880816,237017
1024,4780,6,2.7202434620857434,0.004770622702105154,234820
1024,4795,5,2.725165981818015,0.004963565273026216,338143
1024,4810,6,2.712516754156095,0.004959043806114449,235220
1024,4825,6,2.7136653630312817,0.004954502177892506,235651
1024,4840,5,2.733739773853038,0.004672311480587665,333305
1024,4855,6,2.7119568933991482,0.004967722705838562,238105
1024,4870,6,2.7151315245636107,0.005092612604533864,235254
1024,4885,6,2.718525240659963,0.004798375781418174,234485
1024,4900,5,2.7250451675796272,0.004833262928987392,334615
1024,4915,5,2.729740952455283,0.005016321691795611,334376
1024,4930,6,2.7163059183968374,0.004786004068821126,237644
1024,4945,5,2.734870278134303,0.004927239940056505,332255
1024,4960,6,2.721149771240509,0.004852571424145413,234055
1024,4975,6,2.71450419538066,0.0050866760062139305,234326
1024,4990,5,2.731896313446265,0.005004468455654554,332388
1024,5005,5,2.7346497567490333,0.004462255665966697,333342
1024,5020,6,2.7115903324184454,0.005451528415714779,234815
1024,5035,6,2.7148284036716164,0.004782700563929598,238641
1024,5050,6,2.714747677990735,0.004766081572380787,233691
1024,5065,5,2.727635591440672,0.004955014630634524,332887
1024,5080,6,2.715654776304034,0.004901371303492996,237016
1024,5095,6,2.7157982727782928,0.004843906874929749,236775
1024,5110,6,2.718378272992428,0.004997506931491369,232530
1024,5125,5,2.731825215040299,0.005155222409196414,334623
1024,5140,6,2.713902623242969,0.004863316907411042,236321
1024,5155,6,2.7200955399918616,0.004564612653699229,235188
1024,5170,6,2.715029730047881,0.004854159426179505,235736
1024,5185,5,2.7319335714014223,0.004797577809702858,334878
1024,5200,6,2.717360540232702,0.004627048314403748,238036
1024,5215,6,2.7125991930998374,0.0051374550403121555,235612
1024,5230,6,2.7085106624790525,0.005184602266119165,237329
1024,5245,6,2.716662018371481,0.005238097296180966,237124
1024,5260,5,2.725504730526605,0.004868606447784807,337948
1024,5275,6,2.710157147977465,0.005693847542427188,234286
1024,5290,6,2.711180531702856,0.005018941453141634,235056
1024,5305,6,2.7110024653474913,0.004885557818033126,234755
1024,5320,6,2.71706775803104,0.004842448126586463,235839
1024,5335,6,2.714588775768566,0.0051100355153090304,235117
1024,5350,6,2.7140958981615766,0.004951712134051378,236554
1024,5365,6,2.7162158486058305,0.005086482052819585,237530
4096,5380,6,2.7038547535213815,0.003371505464319302,239989
4096,5395,6,2.6947841860941075,0.0028773015122451895,238006
4096,5410,6,2.6916092577052604,0.0031129949290868986,239772
4096,5425,6,2.697969535726507,0.003174984773420486,239780
4096,5440,6,2.704850864461217,0.002929592832754624,238507
4096,5455,6,2.6965683314919975,0.002794434453094796,239797
4096,5470,6,2.6959632305053205,0.0030243435465757695,240291
4096,5485,6,2.70097075469215,0.0029744768283339607,236133
4096,5500,6,2.701404252577305,0.00303380646519813,239870
4096,5515,6,2.6951369265862573,0.003098487649868864,238801
4096,5530,6,2.695661874119012,0.0029796214423327694,238330
4096,5545,6,2.695650516541638,0.003039759304047651,238338
4096,5560,6,2.6956024283770126,0.002989596463038313,240662
4096,5575,6,2.691569524030299,0.003136329810838334,236752
4096,5590,6,2.699134436976617,0.0031338071696851433,237152
4096,5605,6,2.6980331320813016,0.0031439899817846673,240484
4096,5620,6,2.7033210103673126,0.002842192256586884,239807
4096,5635,6,2.693885419785637,0.003032926725921814,238005
4096,5650,6,2.700015885049903,0.00305414509734514,236322
4096,5665,6,2.690612305152563,0.0029980394930192444,236660
4096,5680,6,2.6981191872979946,0.003051719295832811,236692
4096,5695,6,2.7005970690718435,0.003309823323243144,237731
4096,5710,6,2.699535637879031,0.0030981139281771597,234858
4096,5725,6,2.694245781710972,0.0029419121364751,241287
4096,5740,6,2.6958629248093477,0.002818965473521562,240378
4096,5755,6,2.696519553390889,0.0030176975977196374,239767
4096,5770,6,2.6932100225261126,0.0030761124741969237,240744
4096,5785,6,2.698084208372798,0.003120072274490515,237116
4096,5800,6,2.6978617282161137,0.003118995963387494,237512
4096,5815,6,2.693690876818625,0.0029888468520069544,238911
4096,5830,6,2.6935417182856307,0.003251154445950588,239003
4096,5845,6,2.6938697096260786,0.0031591793090822717,238170
4096,5860,6,2.70483902674698,0.0025968127156511533,240109
4096,5875,6,2.700874673583098,0.0032962660688683476,234950
4096,5890,6,2.7006464085325743,0.002952263880085959,238373
4096,5905,6,2.691958488938557,0.0030178235711960655,236974
4096,5920,6,2.7022428556745295,0.0028871573745165025,238524
4096,5935,6,2.6965874457341727,0.003009512422907923,241343
4096,5950,6,2.696229904910094,0.002769109615194054,240287
4096,5965,6,2.7007193715740905,0.0029410143053620885,237327
4096,5980,6,2.6958110651054357,0.0033349478889974637,235249
4096,5995,6,2.691425166575512,0.0030938975762121457,239547
4096,6010,6,2.698650805384092,0.0034402700006441744,238718
4096,6025,6,2.69754321317755,0.00291174731535504,238908
4096,6040,6,2.693888230881411,0.0032488660244475165,237056
4096,6055,6,2.7001636576312458,0.0029349718895461674,238100
4096,6070,6,2.6964126241399136,0.002940938042714336,237552
4096,6085,6,2.698759216877865,0.0032680114523467862,238168
4096,6100,6,2.6974127306377844,0.0030594138048615216,237905
4096,6115,6,2.6964667661937325,0.0030188716366296164,240658
8192,6130,8,2.678547036503599,0.007510212219004719,127673
8192,6145,8,2.688087084078064,0.007293475563031504,125506
8192,6160,8,2.681242004296301,0.007659436179269563,124786
8192,6175,8,2.684045044289843,0.00748576259223066,124839
8192,6190,8,2.6746167608411935,0.007638566510123179,125997
8192,6205,8,2.6769997766095837,0.0075219355193568704,126987
8192,6220,8,2.682811218890103,0.0072785954635898875,124723
8192,6235,8,2.6762237792338777,0.0074815521643596394,127424
8192,6250,8,2.676349414976045,0.007631393827237654,126153
8192,6265,8,2.6809715405752605,0.007404364469364766,127806
8192,6280,8,2.679730039563487,0.0076103868491894655,127040
8192,6295,8,2.683484342702477,0.0075920715792283655,125459
8192,6310,8,2.6796893798337877,0.007527888490266532,127810
8192,6325,8,2.687604407945699,0.0067996079688315,126518
8192,6340,8,2.6808973892728476,0.00780867183971834,126783
8192,6355,8,2.6803397965082953,0.00786137013929733,123830
8192,6370,8,2.700192070449049,0.0069009575030233306,124282
8192,6385,8,2.680480574647638,0.007521466362185647,127594
8192,6400,8,2.676427423571781,0.007741823423295546,125850
8192,6415,8,2.6851080815160984,0.007119183652634864,125868
8192,6430,8,2.6879786493662894,0.007324048771370606,124731
8192,6445,8,2.681497077558213,0.00760248113126516,125936
8192,6460,8,2.688015016630134,0.0074609289556406555,125436
8192,6475,8,2.6838677050695603,0.007400827419159706,125951
8192,6490,8,2.6807709632738965,0.00772458858428593,125497
8192,6505,8,2.6784833703951096,0.0075894554281966675,125526
8192,6520,8,2.676428573146228,0.008246570858471913,125431
8192,6535,8,2.678375223766558,0.007755648829262607,126604
8192,6550,8,2.681286548856868,0.00747110929446082,127067
8192,6565,8,2.675590410067743,0.007725190279181837,125927
8192,6580,8,2.6778472262860022,0.0075072484043585685,126354
8192,6595,8,2.6789556008256463,0.007445278429706326,126235
8192,6610,8,2.685819773515908,0.007603018343647849,125313
8192,6625,8,2.6793026636280093,0.007577707035093861,126317
8192,6640,8,2.683745110897405,0.007381329926320679,123914
8192,6655,8,2.685111814590372,0.007075266359274468,126128
8192,6670,8,2.6945633435090146,0.007151736674886777,123501
8192,6685,8,2.67949855252443,0.007349037099963263,126750
8192,6700,8,2.68121500391273,0.007553949179409991,126419
8192,6715,8,2.681068970032024,0.0077306238778054315,124762
8192,6730,8,2.680823248448678,0.007262991119641127,127637
8192,6745,8,2.6916292319298565,0.007332907980499459,124930
8192,6760,8,2.6843077266081434,0.007390694840032963,126898
8192,6775,8,2.6795208878972896,0.0075733990286828146,126691
8192,6790,8,2.6842587672384686,0.007367419287591326,124536
8192,6805,8,2.682930932947613,0.007389056915167003,126225
8192,6820,8,2.6787643928972633,0.0075349197003324875,125786
8192,6835,8,2.6786633439573793,0.007497153414883662,127526
8192,6850,8,2.6821243091049762,0.007413083606646498,127488
8192,6865,8,2.6772654149180677,0.007403455801565206,126270
