ts,model,model_label,xmin,n_total,n_tail,tail_fraction,maximum_size,scaling_decades,parameter_count,log_likelihood,aic,bic,ks,block_gof_p,block_gof_exceedances,block_gof_replicates,block_gof_mc_ci_low,block_gof_mc_ci_high,adequate_at_0_10,lambda,lambda_ci_low,lambda_ci_high,alpha,alpha_ci_low,alpha_ci_high,mu,sigma,mu_ci_low,mu_ci_high,sigma_ci_low,sigma_ci_high,scale,beta,scale_ci_low,scale_ci_high,beta_ci_low,beta_ci_high
2,exponential,exponencial,34,6796929,78888,0.01160641813383662,435,1.1070103399123823,1,-331431.51883214666,662865.0376642933,662874.3134486973,0.06686273589162517,0.001,0,999,0.0,0.003685762865739383,False,0.04071238700417976,0.03621414003324062,0.04603067535706755,,,,,,,,,,,,,,,
2,power_law,potência pura,34,6796929,78888,0.01160641813383662,435,1.1070103399123823,1,-329982.3512415681,659966.7024831362,659975.9782675402,0.04355703605817485,0.005,4,999,0.001092001034144059,0.01021985261852804,False,,,,3.1925895592291496,3.0184411303860728,3.3835495002187224,,,,,,,,,,,,
2,cutoff_power_law,potência + corte exponencial,34,6796929,78888,0.01160641813383662,435,1.1070103399123823,2,-329048.51653132425,658101.0330626485,658119.5846314565,0.010157167509294962,0.685,684,999,0.6548584221922916,0.7134179622030442,True,0.011561984802138672,0.0072354992155363234,0.01918509354785015,2.220012488944571,1.6453724244280807,2.6635536318939774,,,,,,,,,,,,
2,lognormal,lognormal,34,6796929,78888,0.01160641813383662,435,1.1070103399123823,2,-329031.27149360266,658066.5429872053,658085.0945560134,0.007341126547837362,0.864,863,999,0.8410245076056815,0.8845330506557435,True,,,,,,,2.356451927220201,0.9437722926305887,0.9822440926849433,3.0435792809857443,0.7534387869571245,1.2205287405629892,,,,,,
2,stretched_cutoff_power_law,potência + corte estendido,34,6796929,78888,0.01160641813383662,435,1.1070103399123823,3,-329038.0805394597,658082.1610789194,658109.9884321315,0.009073619851376113,0.728,727,999,0.6989802028608926,0.7551262317945634,True,,,,1.8152698280773156,1.3837463225074513,3.0824805547980003,,,,,,,34.00000000000001,0.7295346867966757,34.00000000000001,295.02443549119874,0.68470364252804,4.690259083571372
8,exponential,exponencial,88,12890665,9097,0.00070570447684429,639,0.8610181860082315,1,-42628.14747822303,85258.29495644606,85265.41065641388,0.05779921403867294,0.006,5,999,0.0016270485051574286,0.011641072774819454,False,0.02507383425966383,0.02216194241513058,0.028544804188386296,,,,,,,,,,,,,,,
8,power_law,potência pura,88,12890665,9097,0.00070570447684429,639,0.8610181860082315,1,-42510.29285486963,85022.58570973926,85029.70140970708,0.026480676882889465,0.195,194,999,0.17009365094925044,0.2201114845884086,True,,,,4.0764537250697295,3.8057693757082265,4.42718495030728,,,,,,,,,,,,
8,cutoff_power_law,potência + corte exponencial,88,12890665,9097,0.00070570447684429,639,0.8610181860082315,2,-42459.24899754967,84922.49799509934,84936.72939503498,0.008493292469251679,0.858,857,999,0.8346498617677107,0.8789326311068125,True,0.006858151922922644,0.0005817879376178652,0.01793470251895977,2.909751927978287,1.0946752615718276,4.176840588339109,,,,,,,,,,,,
8,lognormal,lognormal,88,12890665,9097,0.00070570447684429,639,0.8610181860082315,2,-42459.93979070615,84923.8795814123,84938.11098134794,0.009741075367976137,0.727,726,999,0.6979506008195188,0.7541597969573492,True,,,,,,,2.757333304736011,0.8657096672189915,-47.111589811809964,4.073149469599657,0.5717360324315375,3.9724443818633492,,,,,,
8,stretched_cutoff_power_law,potência + corte estendido,88,12890665,9097,0.00070570447684429,639,0.8610181860082315,3,-42459.211277562936,84924.42255512587,84945.76965502933,0.008123602299819788,0.827,826,999,0.8019083057091211,0.8498014540328633,True,,,,2.645639637169981,1.6973806197048686,4.25401840231792,,,,,,,88.00000000000003,0.8344965486150605,88.00000000000003,727.215195567295,0.39279675743676296,4.999999999999999
16,exponential,exponencial,7,18860218,360639,0.019121677172554422,635,1.9576756852777188,1,-1302898.0972826523,2605798.1945653046,2605808.9901980413,0.16817270304191634,0.001,0,999,0.0,0.003685762865739383,False,0.07334913172970903,0.06607191337800661,0.08110747010814644,,,,,,,,,,,,,,,
16,power_law,potência pura,7,18860218,360639,0.019121677172554422,635,1.9576756852777188,1,-1248597.4959059418,2497196.9918118836,2497207.7874446204,0.032749225759666545,0.001,0,999,0.0,0.003685762865739383,False,,,,2.2440371349916193,2.1904863648003006,2.3059508978547143,,,,,,,,,,,,
16,cutoff_power_law,potência + corte exponencial,7,18860218,360639,0.019121677172554422,635,1.9576756852777188,2,-1243882.050495929,2487768.100991858,2487789.692257332,0.0037256956872226965,0.909,908,999,0.8893390418643644,0.9260262444643054,True,0.008310075403015442,0.005733528743596284,0.01213168708670992,1.9231124500114645,1.8243969736983323,2.021285699697994,,,,,,,,,,,,
16,lognormal,lognormal,7,18860218,360639,0.019121677172554422,635,1.9576756852777188,2,-1244579.7629341986,2489163.525868397,2489185.117133871,0.010414304218121007,0.055,54,999,0.04086447759166662,0.06994335944696534,False,,,,,,,-0.31257321356282186,1.7024429060146615,-1.602829237903346,0.5372224630835353,1.4692432036575704,2.0027332953173462,,,,,,
16,stretched_cutoff_power_law,potência + corte estendido,7,18860218,360639,0.019121677172554422,635,1.9576756852777188,3,-1243847.0991468597,2487700.1982937194,2487732.58519193,0.0045947496650370345,0.678,677,999,0.6477037210756392,0.7066002527577163,True,,,,2.0003520908956283,1.575529373568624,2.1302189489093006,,,,,,,156.96260877552118,1.309908412508958,23.51265520069154,248.56535679632142,0.5628500516871593,2.682103192021443
32,exponential,exponencial,5,26935855,466517,0.01731955417787926,598,2.077731179652392,1,-1452999.9781368694,2906001.9562737388,2906013.009323479,0.20701092863854254,0.001,0,999,0.0,0.003685762865739383,False,0.120758465444689,0.11282950553696632,0.12925627550305185,,,,,,,,,,,,,,,
32,power_law,potência pura,5,26935855,466517,0.01731955417787926,598,2.077731179652392,1,-1338372.5306700864,2676747.061340173,2676758.114389913,0.008812406810075668,0.048,47,999,0.03477003706809729,0.06207421389024613,False,,,,2.4204273387790085,2.3718694485901617,2.4710246225273904,,,,,,,,,,,,
32,cutoff_power_law,potência + corte exponencial,5,26935855,466517,0.01731955417787926,598,2.077731179652392,2,-1337476.2552872186,2674956.510574437,2674978.6166739175,0.008287507474855849,0.027,26,999,0.01706992572512017,0.037902793631932566,False,0.0035338334902769186,0.0022974415076210076,0.00507568489750089,2.322493882979041,2.252094280602777,2.391332965303116,,,,,,,,,,,,
32,lognormal,lognormal,5,26935855,466517,0.01731955417787926,598,2.077731179652392,2,-1337927.020478074,2675858.040956148,2675880.1470556282,0.008482685187949757,0.006,5,999,0.0016270485051574286,0.011641072774819454,False,,,,,,,-10.90265750578282,3.119327048994102,-26.54001535280647,-5.92706742127958,2.4927905360921994,4.556291514105649,,,,,,
32,stretched_cutoff_power_law,potência + corte estendido,5,26935855,466517,0.01731955417787926,598,2.077731179652392,3,-1337270.690853278,2674547.381706556,2674580.5408557765,0.005447666459858058,0.242,241,999,0.2150048015213428,0.26901194707706516,True,,,,2.378255495765588,2.301413150464676,2.435968826808189,,,,,,,293.9275923536097,2.373761381235071,225.32438367730913,341.6669352111046,1.3232338713085894,4.056554957164311
64,exponential,exponencial,13,35462519,86001,0.002425123832855754,531,1.6111511687746323,1,-328031.90302282455,656065.8060456491,656075.1681598522,0.13579793780374944,0.001,0,999,0.0,0.003685762865739383,False,0.05995683868630352,0.05413166361410288,0.06489384267470587,,,,,,,,,,,,,,,
64,power_law,potência pura,13,35462519,86001,0.002425123832855754,531,1.6111511687746323,1,-319512.93139064,639027.86278128,639037.224895483,0.02470052116568555,0.006,5,999,0.0016270485051574286,0.011641072774819454,False,,,,2.568202193388555,2.480717273206971,2.64638582922376,,,,,,,,,,,,
64,cutoff_power_law,potência + corte exponencial,13,35462519,86001,0.002425123832855754,531,1.6111511687746323,2,-318763.9625255018,637531.9250510036,637550.6492794097,0.006384929800086481,0.555,554,999,0.5231112251963922,0.5856754880066716,True,0.0074322265373524205,0.005249121547950116,0.01042318415949249,2.1897085895110404,2.011877157629105,2.3400263475201415,,,,,,,,,,,,
64,lognormal,lognormal,13,35462519,86001,0.002425123832855754,531,1.6111511687746323,2,-318919.4121125925,637842.824225185,637861.5484535911,0.009643587248858887,0.144,143,999,0.12200206791331844,0.1664112946097006,True,,,,,,,-0.2459682009535698,1.5817505598370483,-2.165397745714952,0.9396396167954179,1.3262480942354,1.9361875968421076,,,,,,
64,stretched_cutoff_power_law,potência + corte estendido,13,35462519,86001,0.002425123832855754,531,1.6111511687746323,3,-318709.24576841004,637424.4915368201,637452.5778794293,0.002946606967958454,0.915,914,999,0.8958649682141809,0.9314736156578777,True,,,,2.385773639413106,1.8173367744771685,2.506566103351353,,,,,,,218.32686669724882,2.0924677917148435,36.293777837060006,258.00158544430747,0.6508069302282444,3.2946102377010904
128,exponential,exponencial,22,39404004,29047,0.0007371585892641773,484,1.3424226808222062,1,-120632.08595009695,241266.1719001939,241274.44857068063,0.10997562227533314,0.001,0,999,0.0,0.003685762865739383,False,0.04272716750177015,0.04092821382543855,0.044867024665543306,,,,,,,,,,,,,,,
128,power_law,potência pura,22,39404004,29047,0.0007371585892641773,484,1.3424226808222062,1,-119108.402726544,238218.805453088,238227.0821235747,0.026955543841456542,0.001,0,999,0.0,0.003685762865739383,False,,,,2.7279137004707668,2.675973961133019,2.78586431559638,,,,,,,,,,,,
128,cutoff_power_law,potência + corte exponencial,22,39404004,29047,0.0007371585892641773,484,1.3424226808222062,2,-118754.38387772208,237512.76775544416,237529.3210964176,0.008074031332453768,0.016,15,999,0.008427501076951545,0.02464422364850476,False,0.008357250542502553,0.00705403240272886,0.009829210972834871,2.1256944911416693,1.9925183491798053,2.248162545027163,,,,,,,,,,,,
128,lognormal,lognormal,22,39404004,29047,0.0007371585892641773,484,1.3424226808222062,2,-118821.93709327481,237647.87418654963,237664.42752752308,0.011007492295462273,0.001,0,999,0.0,0.003685762865739383,False,,,,,,,1.2617030031094787,1.2799689461452142,0.6752333671395615,1.7087617323707989,1.179579603413496,1.395634939034484,,,,,,
128,stretched_cutoff_power_law,potência + corte estendido,22,39404004,29047,0.0007371585892641773,484,1.3424226808222062,3,-118719.62778805435,237445.2555761087,237470.08558756887,0.002588536285944021,0.828,827,999,0.8029598657162204,0.8507458223260516,True,,,,2.4700270394689676,2.322554548958969,2.5741781090628684,,,,,,,236.82293309114755,2.4613062490527358,194.29354597444797,262.34040942909405,1.812090774048017,3.2787984759309525
512,exponential,exponencial,8,39860756,140741,0.003530816124009289,401,1.7000543856282386,1,-455937.5891386166,911877.1782772331,911887.0329538339,0.16479480465746366,0.001,0,999,0.0,0.003685762865739383,False,0.10655674449429606,0.10287639340032172,0.11092747303866163,,,,,,,,,,,,,,,
512,power_law,potência pura,8,39860756,140741,0.003530816124009289,401,1.7000543856282386,1,-432059.64981343166,864121.2996268633,864131.1543034641,0.005479513871405439,0.048,47,999,0.03477003706809729,0.06207421389024613,False,,,,2.7085806387430034,2.6727971935819874,2.7461813470799306,,,,,,,,,,,,
512,cutoff_power_law,potência + corte exponencial,8,39860756,140741,0.003530816124009289,401,1.7000543856282386,2,-431880.39783101226,863764.7956620245,863784.5050152261,0.004292716007140207,0.06,59,999,0.04525891958452844,0.0755239338131949,False,0.00346981734676852,0.002491420912585775,0.00468045484830887,2.595919675230836,2.538507239630428,2.65456741707701,,,,,,,,,,,,
512,lognormal,lognormal,8,39860756,140741,0.003530816124009289,401,1.7000543856282386,2,-431968.0851344808,863940.1702689616,863959.8796221631,0.004058245306982122,0.023,22,999,0.013851316084656902,0.03315262807753546,False,,,,,,,-11.07900469831575,2.8883581769957845,-20.42013904113528,-6.731174831133612,2.410884454049179,3.7083373957678205,,,,,,
512,stretched_cutoff_power_law,potência + corte estendido,8,39860756,140741,0.003530816124009289,401,1.7000543856282386,3,-431781.5971639855,863569.194327971,863598.7583577733,0.0019193712691430997,0.735,734,999,0.7061923597737596,0.7618863161069166,True,,,,2.6741426938329083,2.629868589854505,2.718395614622805,,,,,,,272.90258756011957,4.005489190690225,245.64263770856243,295.10118069132113,2.792201907804988,4.999999999999999
1024,exponential,exponencial,13,40302406,59811,0.001484055319178711,436,1.5255431369617494,1,-219667.05252395946,439336.1050479189,439345.1039927884,0.13874521891934066,0.001,0,999,0.0,0.003685762865739383,False,0.06908016120696833,0.065206116869518,0.07375102503962766,,,,,,,,,,,,,,,
1024,power_law,potência pura,13,40302406,59811,0.001484055319178711,436,1.5255431369617494,1,-213300.30604410562,426602.61208821123,426611.6110330807,0.013763441092135786,0.001,0,999,0.0,0.003685762865739383,False,,,,2.7205724318781472,2.65907135805676,2.79239906885048,,,,,,,,,,,,
1024,cutoff_power_law,potência + corte exponencial,13,40302406,59811,0.001484055319178711,436,1.5255431369617494,2,-213010.3721906621,426024.7443813242,426042.7422710632,0.006833112231774796,0.028,27,999,0.0178848653350389,0.03908058473576641,False,0.006343292678695996,0.004926433624193989,0.007902190213124303,2.4227588763601404,2.3049114213930135,2.538710289566423,,,,,,,,,,,,
1024,lognormal,lognormal,13,40302406,59811,0.001484055319178711,436,1.5255431369617494,2,-213100.42208861318,426204.84417722636,426222.84206696536,0.007918577476537902,0.003,2,999,0.0002425437526266696,0.007213033101571896,False,,,,,,,-1.9931303767675352,1.804402458999505,-4.030584167660682,-0.7360613657650902,1.603127285949971,2.096263104755486,,,,,,
1024,stretched_cutoff_power_law,potência + corte estendido,13,40302406,59811,0.001484055319178711,436,1.5255431369617494,3,-212946.4329756676,425898.8659513352,425925.8627859437,0.002330709257893804,0.809,808,999,0.7830271305133065,0.8327556190856095,True,,,,2.607283384414241,2.516569015271742,2.6977122133885816,,,,,,,230.32393745281033,2.820504607897645,203.89026001805618,257.5578872923647,2.192833662499676,3.5205740185927072
4096,exponential,exponencial,18,40292638,34734,0.0008620433340701097,406,1.353253528473888,1,-136617.44878077187,273236.89756154374,273245.353035857,0.11296686022940894,0.001,0,999,0.0,0.003685762865739383,False,0.05323014993657367,0.050490344687076624,0.05609669964959103,,,,,,,,,,,,,,,
4096,power_law,potência pura,18,40292638,34734,0.0008620433340701097,406,1.353253528473888,1,-134434.2307266031,268870.4614532062,268878.9169275195,0.025309918569678125,0.001,0,999,0.0,0.003685762865739383,False,,,,2.755190133077391,2.691686499069502,2.8164794588248494,,,,,,,,,,,,
4096,cutoff_power_law,potência + corte exponencial,18,40292638,34734,0.0008620433340701097,406,1.353253528473888,2,-134097.21922792002,268198.43845584005,268215.3494044667,0.007751711308602749,0.01,9,999,0.004127531251603552,0.017032746770250955,False,0.008864196368871652,0.006717470375299464,0.011478395828505166,2.2325305635490023,2.050634613190811,2.387968581318172,,,,,,,,,,,,
4096,lognormal,lognormal,18,40292638,34734,0.0008620433340701097,406,1.353253528473888,2,-134160.53606080989,268325.07212161977,268341.9830702464,0.011038533072336265,0.001,0,999,0.0,0.003685762865739383,False,,,,,,,0.6596845412142922,1.3552403948664393,-0.43980012182983064,1.3674512039825149,1.2011308267983087,1.5483324224104476,,,,,,
4096,stretched_cutoff_power_law,potência + corte estendido,18,40292638,34734,0.0008620433340701097,406,1.353253528473888,3,-134068.51162619176,268143.0232523835,268168.38967532344,0.002704651456356899,0.75,749,999,0.7216769267661975,0.776342158034774,True,,,,2.5323709513986508,2.350291441353884,2.657612132928278,,,,,,,210.8725739900434,2.3782452275370893,155.983784714347,250.38665634766247,1.614639736843259,3.316697986576817
8192,exponential,exponencial,21,39732807,24653,0.0006204696285364384,489,1.367089564389701,1,-101171.06287046499,202344.12574092997,202352.2383948059,0.10935842369697824,0.001,0,999,0.0,0.003685762865739383,False,0.04488195868578415,0.04278179823461617,0.047369658667679775,,,,,,,,,,,,,,,
8192,power_law,potência pura,21,39732807,24653,0.0006204696285364384,489,1.367089564389701,1,-99789.5237881068,199581.0475762136,199589.16023008953,0.02807014562462551,0.001,0,999,0.0,0.003685762865739383,False,,,,2.733638262688461,2.6766942061307346,2.8022483486561454,,,,,,,,,,,,
8192,cutoff_power_law,potência + corte exponencial,21,39732807,24653,0.0006204696285364384,489,1.367089564389701,2,-99509.14032881519,199022.28065763038,199038.5059653822,0.0077653861523801215,0.048,47,999,0.03477003706809729,0.06207421389024613,False,0.00833567743751694,0.006544673055156741,0.010398860772986062,2.1587191679126567,1.9997863047082378,2.3313601474689607,,,,,,,,,,,,
8192,lognormal,lognormal,21,39732807,24653,0.0006204696285364384,489,1.367089564389701,2,-99561.51060193853,199127.02120387706,199143.24651162888,0.011160376095303237,0.002,1,999,2.534283000048345e-05,0.005564476040714028,False,,,,,,,1.102640322212448,1.3028272037522521,0.19678843198760748,1.6912189504895598,1.1777102732625022,1.4773953665930186,,,,,,
8192,stretched_cutoff_power_law,potência + corte estendido,21,39732807,24653,0.0006204696285364384,489,1.367089564389701,3,-99484.86608053523,198975.73216107045,199000.0701226982,0.002627890501071428,0.901,900,999,0.8806735370332796,0.9187268437859741,True,,,,2.4838997471729476,2.322448385449733,2.622926697902942,,,,,,,232.37255222065463,2.377059003723909,185.53961016951664,269.4393227236241,1.7432659391027965,3.128847946617512
